-11951469 gold found on player Matrim
-9044647 gold found on player Succubine
-8898152 gold found on player Thumper
-8585761 gold found on player Mulgrave
-8334083 gold found on player Greed
-6387945 gold found on player Jawbrog
-5553751 gold found on player Veeshan
-4972371 gold found on player Cresus
-4110018 gold found on player Seifer
-4091447 gold found on player Saliu
-3903897 gold found on player Kazul
-3827616 gold found on player Zero
-3519123 gold found on player Link
-3485099 gold found on player Reamer
-2871914 gold found on player Jack
-2761650 gold found on player Cabernet
-1964958 gold found on player Sigur
-1680923 gold found on player Berserker
-1255402 gold found on player Lina
-1178792 gold found on player Akita
-1097519 gold found on player Wulfgar
-909923 gold found on player Jet
-801344 gold found on player Kerwin
-540201 gold found on player Ente
-309077 gold found on player Derrik
-259581 gold found on player Stone
-185440 gold found on player Boris
-150377 gold found on player Mabus
-129241 gold found on player Gaara
-83003 gold found on player Allanon
0 gold found on player Abaddonjr
0 gold found on player Abusado
0 gold found on player Ackbar
0 gold found on player Ackchoo
0 gold found on player Adaewen
0 gold found on player Adol
0 gold found on player Adrena
0 gold found on player Aerisa
0 gold found on player Aero
0 gold found on player Aeronychus
0 gold found on player Affliction
0 gold found on player Afk
0 gold found on player Afrin
0 gold found on player Aftermath
0 gold found on player Agamemnon
0 gold found on player Aguile
0 gold found on player Ahand
0 gold found on player Airencar
0 gold found on player Aiushtha
0 gold found on player Aiustha
0 gold found on player Aiyre
0 gold found on player Ajexsuperior
0 gold found on player Ajiel
0 gold found on player Ajul
0 gold found on player Akkord
0 gold found on player Akumu
0 gold found on player Alakazah
0 gold found on player Alamos
0 gold found on player Aldurish
0 gold found on player Alexis
0 gold found on player Alistair
0 gold found on player Alius
0 gold found on player Almosty
0 gold found on player Alpha
0 gold found on player Alprazolam
0 gold found on player Am
0 gold found on player Amcharter
0 gold found on player Amethst
0 gold found on player Ampatuan
0 gold found on player Amphi
0 gold found on player Analich
0 gold found on player Analwink
0 gold found on player Anavrin
0 gold found on player Ancilla
0 gold found on player Angas
0 gold found on player Anhur
0 gold found on player Anima
0 gold found on player Animal
0 gold found on player Anonymous
0 gold found on player Anselmo
0 gold found on player Antichris
0 gold found on player Anumatyana
0 gold found on player Anzarias
0 gold found on player Anzarthyx
0 gold found on player Ao
0 gold found on player Aod
0 gold found on player Aoi
0 gold found on player Apex
0 gold found on player Aquila
0 gold found on player Arbace
0 gold found on player Archon
0 gold found on player Ardynia
0 gold found on player Argus
0 gold found on player Aries
0 gold found on player Arkanis
0 gold found on player Armand
0 gold found on player Arnette
0 gold found on player Arno
0 gold found on player Arrowhead
0 gold found on player Arryn
0 gold found on player Arsonjnr
0 gold found on player Arthur
0 gold found on player Arthur
0 gold found on player Arya
0 gold found on player Ascetic
0 gold found on player Asd
0 gold found on player Asf
0 gold found on player Asgardlionfeces
0 gold found on player Ashley
0 gold found on player Asiec
0 gold found on player Asmodean
0 gold found on player Asmodeus
0 gold found on player Associatedpress
0 gold found on player Asterisk
0 gold found on player Astro
0 gold found on player Astromayabang
0 gold found on player Ataka
0 gold found on player Ataraxia
0 gold found on player Athene
0 gold found on player Atika
0 gold found on player Atreyu
0 gold found on player Attimir
0 gold found on player Attriu
0 gold found on player Attrium
0 gold found on player Atznom
0 gold found on player Atznum
0 gold found on player Aurak
0 gold found on player Avago
0 gold found on player Avatar
0 gold found on player Avenged
0 gold found on player Axis
0 gold found on player Axoc
0 gold found on player Azad
0 gold found on player Azoun
0 gold found on player Azria
0 gold found on player Baalzamon
0 gold found on player Bacchus
0 gold found on player Bacco
0 gold found on player Baercan
0 gold found on player Bagsik
0 gold found on player Bahia
0 gold found on player Balance
0 gold found on player Bambam
0 gold found on player Bangongot
0 gold found on player Barack
0 gold found on player Barako
0 gold found on player Barthas
0 gold found on player Basilisk
0 gold found on player Beefy
0 gold found on player Beleqwaya
0 gold found on player Belphegore
0 gold found on player Beltira
0 gold found on player Ben
0 gold found on player Benjamin
0 gold found on player Beowulf
0 gold found on player Berlitz
0 gold found on player Berzerker
0 gold found on player Beverly
0 gold found on player Bigben
0 gold found on player Bigbog
0 gold found on player Bigbuddy
0 gold found on player Bigkarias
0 gold found on player Bimbo
0 gold found on player Bingo
0 gold found on player Birt
0 gold found on player Black
0 gold found on player Blackhawk
0 gold found on player Blackout
0 gold found on player Blacktiger
0 gold found on player Blake
0 gold found on player Blast
0 gold found on player Blastoise
0 gold found on player Blender
0 gold found on player Blinkin
0 gold found on player Blinky
0 gold found on player Blixx
0 gold found on player Blixx
0 gold found on player Bloodless
0 gold found on player Bloodymasigur
0 gold found on player Blurgs
0 gold found on player Bodhi
0 gold found on player Bodvar
0 gold found on player Boink
0 gold found on player Bokug
0 gold found on player Bolantoy
0 gold found on player Bolg
0 gold found on player Bonecrusher
0 gold found on player Bones
0 gold found on player Bontalov
0 gold found on player Boondock
0 gold found on player Borak
0 gold found on player Borat
0 gold found on player Botter
0 gold found on player Bozo
0 gold found on player Brass
0 gold found on player Brazmasul
0 gold found on player Brazmasus
0 gold found on player Bree
0 gold found on player Bresis
0 gold found on player Bretty
0 gold found on player Brew
0 gold found on player Briley
0 gold found on player Brokeback
0 gold found on player Brokk
0 gold found on player Brolic
0 gold found on player Bruce
0 gold found on player Bruenor
0 gold found on player Brunoor
0 gold found on player Brutis
0 gold found on player Brutskil
0 gold found on player Brutus
0 gold found on player Brycth
0 gold found on player Bubonix
0 gold found on player Buko
0 gold found on player Bukog
0 gold found on player Bunkai
0 gold found on player Butakal
0 gold found on player Butay
0 gold found on player Butters
0 gold found on player Buttplug
0 gold found on player Bvlgari
0 gold found on player Bwisit
0 gold found on player Cadillac
0 gold found on player Caedric
0 gold found on player Cael
0 gold found on player Caelan
0 gold found on player Caeyr
0 gold found on player Cahor
0 gold found on player Cailech
0 gold found on player Caminus
0 gold found on player Cannilbal
0 gold found on player Cardilus
0 gold found on player Carleon
0 gold found on player Caro
0 gold found on player Casavaym
0 gold found on player Casper
0 gold found on player Cassiel
0 gold found on player Cassius
0 gold found on player Cazer
0 gold found on player Cedric
0 gold found on player Celt
0 gold found on player Ceres
0 gold found on player Chaddy
0 gold found on player Chaillou
0 gold found on player Chakra
0 gold found on player Chaos
0 gold found on player Char
0 gold found on player Charizard
0 gold found on player Charnel
0 gold found on player Charron
0 gold found on player Chekenene
0 gold found on player Chenai
0 gold found on player Cheram
0 gold found on player Chezak
0 gold found on player Chiram
0 gold found on player Chiryosi
0 gold found on player Choet
0 gold found on player Christopher
0 gold found on player Chriyosi
0 gold found on player Chubby
0 gold found on player Circa
0 gold found on player Cirix
0 gold found on player Clawd
0 gold found on player Clay
0 gold found on player Clayy
0 gold found on player Clubber
0 gold found on player Coark
0 gold found on player Coffee
0 gold found on player Collossalshock
0 gold found on player Cook
0 gold found on player Corlius
0 gold found on player Corochan
0 gold found on player Coronach
0 gold found on player Corpsey
0 gold found on player Cortanos
0 gold found on player Corte
0 gold found on player Corvus
0 gold found on player Corwyn
0 gold found on player Cotto
0 gold found on player Coven
0 gold found on player Cow
0 gold found on player Creidhne
0 gold found on player Crimson
0 gold found on player Crockett
0 gold found on player Crom
0 gold found on player Croth
0 gold found on player Crouton
0 gold found on player Crtyh
0 gold found on player Cruiser
0 gold found on player Cruizer
0 gold found on player Cruxifixus
0 gold found on player Crych
0 gold found on player Cryct
0 gold found on player Crypt
0 gold found on player Crystobrink
0 gold found on player Crystrophy
0 gold found on player Cryth
0 gold found on player Cuna
0 gold found on player Cupcake
0 gold found on player Cypress
0 gold found on player Cyrth
0 gold found on player Cyrus
0 gold found on player Daenerys
0 gold found on player Daffodil
0 gold found on player Dagjid
0 gold found on player Dailup
0 gold found on player Damian
0 gold found on player Dangalf
0 gold found on player Danger
0 gold found on player Danneskjold
0 gold found on player Dannyocean
0 gold found on player Darkintent
0 gold found on player Darkyre
0 gold found on player Dask
0 gold found on player Datu
0 gold found on player Davey
0 gold found on player Daveyblade
0 gold found on player Davfire
0 gold found on player Dawg
0 gold found on player Dazen
0 gold found on player Deadpool
0 gold found on player Death
0 gold found on player Deaththrall
0 gold found on player Deco
0 gold found on player Defiance
0 gold found on player Delgraq
0 gold found on player Dellamasco
0 gold found on player Delta
0 gold found on player Demonsack
0 gold found on player Denil
0 gold found on player Der
0 gold found on player Devlin
0 gold found on player Dexter
0 gold found on player Dfd
0 gold found on player Dfgfsg
0 gold found on player Didi
0 gold found on player Dieas
0 gold found on player Dieb
0 gold found on player Diem
0 gold found on player Digs
0 gold found on player Dikarus
0 gold found on player Dimit
0 gold found on player Diri
0 gold found on player Diris
0 gold found on player Discriminated
0 gold found on player Dnorle
0 gold found on player Dodge
0 gold found on player Dodo
0 gold found on player Don
0 gold found on player Dong
0 gold found on player Donk
0 gold found on player Dons
0 gold found on player Doom
0 gold found on player Dora
0 gold found on player Dorai
0 gold found on player Dorm
0 gold found on player Doubt
0 gold found on player Dow
0 gold found on player Down
0 gold found on player Dpoaslkhjdabmlkvlsdm
0 gold found on player Dractest
0 gold found on player Drakira
0 gold found on player Drax
0 gold found on player Dresden
0 gold found on player Drew
0 gold found on player Drimad
0 gold found on player Dru
0 gold found on player Duddble
0 gold found on player Duek
0 gold found on player Duh
0 gold found on player Dumar
0 gold found on player Dungherder
0 gold found on player Duran
0 gold found on player Durg
0 gold found on player Durka
0 gold found on player Dwarf
0 gold found on player Dweller
0 gold found on player Dwellerstein
0 gold found on player Dym
0 gold found on player Dyne
0 gold found on player Eagle
0 gold found on player Earl
0 gold found on player Ebvoy
0 gold found on player Eclipse
0 gold found on player Eddard
0 gold found on player Edge
0 gold found on player Eebin
0 gold found on player Efrie
0 gold found on player Egwene
0 gold found on player Eilaer
0 gold found on player Eilaera
0 gold found on player Eirien
0 gold found on player Elaera
0 gold found on player Elayne
0 gold found on player Eldiablo
0 gold found on player Eldin
0 gold found on player Elendril
0 gold found on player Elf
0 gold found on player Elira
0 gold found on player Elixir
0 gold found on player Elle
0 gold found on player Elmin
0 gold found on player Eloc
0 gold found on player Elpogi
0 gold found on player Elrik
0 gold found on player Elvon
0 gold found on player Emil
0 gold found on player Enceladus
0 gold found on player Endrik
0 gold found on player Enlil
0 gold found on player Eremi
0 gold found on player Eries
0 gold found on player Eriond
0 gold found on player Erkutsk
0 gold found on player Ermgard
0 gold found on player Erond
0 gold found on player Ese
0 gold found on player Ethryx
0 gold found on player Eticsonga
0 gold found on player Ets
0 gold found on player Eugene
0 gold found on player Eusho
0 gold found on player Evalisa
0 gold found on player Evian
0 gold found on player Evil
0 gold found on player Evilynn
0 gold found on player Evol
0 gold found on player Excessem
0 gold found on player Exo
0 gold found on player Face
0 gold found on player Facemarchmanevil
0 gold found on player Faerie
0 gold found on player Fahzi
0 gold found on player Failhard
0 gold found on player Fairy
0 gold found on player Fandral
0 gold found on player Fao
0 gold found on player Fart
0 gold found on player Fayde
0 gold found on player Feddy
0 gold found on player Ferrixx
0 gold found on player Fers
0 gold found on player Fgafasd
0 gold found on player Fhtagn
0 gold found on player Fiasco
0 gold found on player Figer
0 gold found on player Fihk
0 gold found on player Fiji
0 gold found on player Finn
0 gold found on player Fireeater
0 gold found on player Fisterella
0 gold found on player Fizzle
0 gold found on player Flagger
0 gold found on player Flamer
0 gold found on player Flash
0 gold found on player Flessan
0 gold found on player Flipper
0 gold found on player Flooky
0 gold found on player Flybo
0 gold found on player Flybox
0 gold found on player Focus
0 gold found on player Foo
0 gold found on player Forbidden
0 gold found on player Foreskin
0 gold found on player Forgery
0 gold found on player Fossil
0 gold found on player Fozz
0 gold found on player Fred
0 gold found on player Freddyprincejr
0 gold found on player Fritos
0 gold found on player Fufua
0 gold found on player Fusion
0 gold found on player Gado
0 gold found on player Gage
0 gold found on player Gajak
0 gold found on player Galayric
0 gold found on player Gallo
0 gold found on player Gamble
0 gold found on player Gandalf
0 gold found on player Gangrape
0 gold found on player Ganj
0 gold found on player Garbage
0 gold found on player Garrenz
0 gold found on player Garris
0 gold found on player Gato
0 gold found on player Gauge
0 gold found on player Gaul
0 gold found on player Gawd
0 gold found on player Gelebe
0 gold found on player Gelem
0 gold found on player Gemel
0 gold found on player Genesis
0 gold found on player Genghis
0 gold found on player Geraldine
0 gold found on player Gerbil
0 gold found on player Gerry
0 gold found on player Getr
0 gold found on player Ghoulhide
0 gold found on player Gingerhero
0 gold found on player Glen
0 gold found on player Glr
0 gold found on player Gnome
0 gold found on player Gnomeo
0 gold found on player Gohk
0 gold found on player Goirish
0 gold found on player Golem
0 gold found on player Gollum
0 gold found on player Gord
0 gold found on player Gore
0 gold found on player Goroku
0 gold found on player Gradok
0 gold found on player Grasshopper
0 gold found on player Grawlix
0 gold found on player Graystone
0 gold found on player Grez
0 gold found on player Grez
0 gold found on player Grigolas
0 gold found on player Grimnir
0 gold found on player Grimoir
0 gold found on player Gringo
0 gold found on player Grods
0 gold found on player Gromph
0 gold found on player Grouch
0 gold found on player Grout
0 gold found on player Grul
0 gold found on player Grull
0 gold found on player Guergon
0 gold found on player Guido
0 gold found on player Gwendlyn
0 gold found on player Haffron
0 gold found on player Hairi
0 gold found on player Hambone
0 gold found on player Hammer
0 gold found on player Hammond
0 gold found on player Han
0 gold found on player Harakken
0 gold found on player Harlem
0 gold found on player Harlequin
0 gold found on player Harmony
0 gold found on player Harold
0 gold found on player Hash
0 gold found on player Haspru
0 gold found on player Hassana
0 gold found on player Haunted
0 gold found on player Havok
0 gold found on player Hazel
0 gold found on player Hazlett
0 gold found on player Healer
0 gold found on player Hectic
0 gold found on player Hector
0 gold found on player Hehe
0 gold found on player Heher
0 gold found on player Heisenberg
0 gold found on player Helgi
0 gold found on player Hell
0 gold found on player Help
0 gold found on player Helvey
0 gold found on player Hephesto
0 gold found on player Herbman
0 gold found on player Heretic
0 gold found on player Hero
0 gold found on player Herpes
0 gold found on player Hesoomin
0 gold found on player Hesperus
0 gold found on player Hickory
0 gold found on player Hiei
0 gold found on player Hietherto
0 gold found on player Highlite
0 gold found on player Hill
0 gold found on player Hiram
0 gold found on player Hitherto
0 gold found on player Hitler
0 gold found on player Hoffa
0 gold found on player Hok
0 gold found on player Hollywood
0 gold found on player Hoof
0 gold found on player Hoop
0 gold found on player Hordak
0 gold found on player Horvath
0 gold found on player Hoser
0 gold found on player Hotty
0 gold found on player Hueth
0 gold found on player Hugh
0 gold found on player Huh
0 gold found on player Hume
0 gold found on player Huxley
0 gold found on player Hylfy
0 gold found on player Hyster
0 gold found on player Hysteria
0 gold found on player Ichigo
0 gold found on player Igat
0 gold found on player Ii
0 gold found on player Ikanunna
0 gold found on player Il
0 gold found on player Ilera
0 gold found on player Im
0 gold found on player Imdugud
0 gold found on player Imdugul
0 gold found on player Imm
0 gold found on player Immmortal
0 gold found on player Immortal
0 gold found on player Impact
0 gold found on player Impakto
0 gold found on player Interloper
0 gold found on player Isanthius
0 gold found on player Ischai
0 gold found on player Ischia
0 gold found on player Isdeep
0 gold found on player Ishkran
0 gold found on player Ishmaell
0 gold found on player Iso
0 gold found on player Iustitia
0 gold found on player Ivel
0 gold found on player Jaboody
0 gold found on player Jabron
0 gold found on player Jabroni
0 gold found on player Jade
0 gold found on player Jaeger
0 gold found on player Jaegerjaq
0 gold found on player Jaelek
0 gold found on player Jagon
0 gold found on player Jah
0 gold found on player Jai
0 gold found on player Jamm
0 gold found on player Jaredwhite
0 gold found on player Jarthius
0 gold found on player Jarvik
0 gold found on player Jax
0 gold found on player Jaynes
0 gold found on player Jean
0 gold found on player Jejfgjek
0 gold found on player Jejuba
0 gold found on player Jelly
0 gold found on player Jellybean
0 gold found on player Jererkje
0 gold found on player Jerry
0 gold found on player Jeta
0 gold found on player Jethro
0 gold found on player Jetlag
0 gold found on player Jets
0 gold found on player Jetson
0 gold found on player Jfjjf
0 gold found on player Jhaelen
0 gold found on player Jhaz
0 gold found on player Jhenivev
0 gold found on player Jii
0 gold found on player Jin
0 gold found on player Jinja
0 gold found on player Jinn
0 gold found on player Jjjj
0 gold found on player Jonas
0 gold found on player Jorg
0 gold found on player Jrr
0 gold found on player Jubal
0 gold found on player Jubileus
0 gold found on player Judge
0 gold found on player Judgement
0 gold found on player Julius
0 gold found on player Jun
0 gold found on player Kabel
0 gold found on player Kaenan
0 gold found on player Kagiluk
0 gold found on player Kaiju
0 gold found on player Kakashi
0 gold found on player Kakuzu
0 gold found on player Kalbaryo
0 gold found on player Kalimorah
0 gold found on player Kallor
0 gold found on player Kamang
0 gold found on player Kaneashiru
0 gold found on player Kanshu
0 gold found on player Kartur
0 gold found on player Katar
0 gold found on player Kathy
0 gold found on player Katjasdaddy
0 gold found on player Katta
0 gold found on player Kayde
0 gold found on player Keldhar
0 gold found on player Kelp
0 gold found on player Kelyn
0 gold found on player Ken
0 gold found on player Kendrall
0 gold found on player Kezef
0 gold found on player Khal
0 gold found on player Khaosreign
0 gold found on player Kharma
0 gold found on player Khorne
0 gold found on player Kilgore
0 gold found on player Kim
0 gold found on player Kimmon
0 gold found on player Kincaid
0 gold found on player Kirius
0 gold found on player Kiriw
0 gold found on player Kishi
0 gold found on player Kitiana
0 gold found on player Kivarkzun
0 gold found on player Kjk
0 gold found on player Klip
0 gold found on player Knightmare
0 gold found on player Knightyknight
0 gold found on player Knirb
0 gold found on player Kniver
0 gold found on player Knockout
0 gold found on player Knytmare
0 gold found on player Kodafi
0 gold found on player Koema
0 gold found on player Kogi
0 gold found on player Konnic
0 gold found on player Korgoth
0 gold found on player Kotoro
0 gold found on player Kotu
0 gold found on player Krawley
0 gold found on player Krellin
0 gold found on player Krey
0 gold found on player Krik
0 gold found on player Krisis
0 gold found on player Krugg
0 gold found on player Krypt
0 gold found on player Kuja
0 gold found on player Kulador
0 gold found on player Kulata
0 gold found on player Kuma
0 gold found on player Kurse
0 gold found on player Kuyabiga
0 gold found on player Kwai
0 gold found on player Kythanzu
0 gold found on player Kythnzu
0 gold found on player Lach
0 gold found on player Laena
0 gold found on player Laero
0 gold found on player Largeshimpfriedri
0 gold found on player Larrikin
0 gold found on player Lawless
0 gold found on player Leanground
0 gold found on player Learned
0 gold found on player Learo
0 gold found on player Leblanc
0 gold found on player Leech
0 gold found on player Legato
0 gold found on player Lek
0 gold found on player Leon
0 gold found on player Les
0 gold found on player Librarian
0 gold found on player Lifebringer
0 gold found on player Lift
0 gold found on player Ligaspaka
0 gold found on player Lillith
0 gold found on player Lilxiuh
0 gold found on player Lin
0 gold found on player Lissa
0 gold found on player Litsi
0 gold found on player Littletestbuddy
0 gold found on player Lkens
0 gold found on player Lluvia
0 gold found on player Lndessa
0 gold found on player Lo
0 gold found on player Loce
0 gold found on player Lomax
0 gold found on player Lomion
0 gold found on player Lone
0 gold found on player Looker
0 gold found on player Looki
0 gold found on player Lorn
0 gold found on player Lothyrn
0 gold found on player Lukather
0 gold found on player Luthor
0 gold found on player Lyonesse
0 gold found on player Lyrian
0 gold found on player Maddude
0 gold found on player Maenven
0 gold found on player Mag
0 gold found on player Magne
0 gold found on player Mags
0 gold found on player Majorpayne
0 gold found on player Makoto
0 gold found on player Malaina
0 gold found on player Malevolentjrjrjr
0 gold found on player Malric
0 gold found on player Mananabas
0 gold found on player Mander
0 gold found on player Mandingo
0 gold found on player Mandorallen
0 gold found on player Mandy
0 gold found on player Manetheren
0 gold found on player Mangtas
0 gold found on player Manny
0 gold found on player Mao
0 gold found on player Mara
0 gold found on player Marek
0 gold found on player Margoth
0 gold found on player Mario
0 gold found on player Mark
0 gold found on player Marori
0 gold found on player Martha
0 gold found on player Massa
0 gold found on player Masterreid
0 gold found on player Maverick
0 gold found on player Mawr
0 gold found on player Maxum
0 gold found on player Mcgruff
0 gold found on player Mcteer
0 gold found on player Meangreenwarriorman
0 gold found on player Meatloaf
0 gold found on player Medenir
0 gold found on player Melona
0 gold found on player Menion
0 gold found on player Merrowszk
0 gold found on player Merynn
0 gold found on player Mezolbe
0 gold found on player Mho
0 gold found on player Mica
0 gold found on player Migal
0 gold found on player Milton
0 gold found on player Mino
0 gold found on player Mintot
0 gold found on player Mirricle
0 gold found on player Mirt
0 gold found on player Missy
0 gold found on player Mist
0 gold found on player Mistah
0 gold found on player Mister
0 gold found on player Misterfister
0 gold found on player Modem
0 gold found on player Modian
0 gold found on player Mogrel
0 gold found on player Moirdain
0 gold found on player Moises
0 gold found on player Moldeats
0 gold found on player Molly
0 gold found on player Momus
0 gold found on player Mongo
0 gold found on player Mongrel
0 gold found on player Mono
0 gold found on player Mordaine
0 gold found on player Morg
0 gold found on player Morloft
0 gold found on player Mornir
0 gold found on player Morpheous
0 gold found on player Morpheus
0 gold found on player Morr
0 gold found on player Morrfiend
0 gold found on player Morrow
0 gold found on player Mortis
0 gold found on player Morzeil
0 gold found on player Mosain
0 gold found on player Moto
0 gold found on player Mourne
0 gold found on player Mozenrath
0 gold found on player Mrdildo
0 gold found on player Muffin
0 gold found on player Muge
0 gold found on player Mustynutz
0 gold found on player My
0 gold found on player Nagano
0 gold found on player Name
0 gold found on player Namistore
0 gold found on player Narroc
0 gold found on player Naruto
0 gold found on player Nasty
0 gold found on player Nasyd
0 gold found on player Naveah
0 gold found on player Necho
0 gold found on player Necro
0 gold found on player Necroguy
0 gold found on player Necrophiliac
0 gold found on player Nekho
0 gold found on player Nellia
0 gold found on player Nessus
0 gold found on player Newguy
0 gold found on player Nexium
0 gold found on player Nexum
0 gold found on player Nexus
0 gold found on player Nick
0 gold found on player Nifra
0 gold found on player Nigga
0 gold found on player Nightray
0 gold found on player Nij
0 gold found on player Nilo
0 gold found on player Niteelfmohawk
0 gold found on player Niznaru
0 gold found on player Nobel
0 gold found on player Nobody
0 gold found on player Noemar
0 gold found on player Nokk
0 gold found on player Noob
0 gold found on player Nor
0 gold found on player Norrac
0 gold found on player Norrin
0 gold found on player Noynoy
0 gold found on player Nueil
0 gold found on player Nutffles
0 gold found on player Nynaeve
0 gold found on player Nyshako
0 gold found on player Nysi
0 gold found on player Nyx
0 gold found on player Obelix
0 gold found on player Obi
0 gold found on player Oblivion
0 gold found on player Oboe
0 gold found on player Octavius
0 gold found on player Ogio
0 gold found on player Ohnj
0 gold found on player Olaf
0 gold found on player Olce
0 gold found on player Olec
0 gold found on player Ombra
0 gold found on player Ontwt
0 gold found on player Oom
0 gold found on player Orban
0 gold found on player Orcen
0 gold found on player Orge
0 gold found on player Ortek
0 gold found on player Oruku
0 gold found on player Orval
0 gold found on player Otto
0 gold found on player Owyn
0 gold found on player Pablo
0 gold found on player Pai
0 gold found on player Paladine
0 gold found on player Palin
0 gold found on player Panty
0 gold found on player Parasyte
0 gold found on player Pari
0 gold found on player Pax
0 gold found on player Paxi
0 gold found on player Pazuzu
0 gold found on player Peacemutant
0 gold found on player Pen
0 gold found on player Per
0 gold found on player Phreak
0 gold found on player Pi
0 gold found on player Picker
0 gold found on player Pig
0 gold found on player Pigglet
0 gold found on player Pinoy
0 gold found on player Pixeler
0 gold found on player Plait
0 gold found on player Plasma
0 gold found on player Plax
0 gold found on player Plex
0 gold found on player Plink
0 gold found on player Po
0 gold found on player Pockets
0 gold found on player Poh
0 gold found on player Poo
0 gold found on player Poodle
0 gold found on player Poopsy
0 gold found on player Porn
0 gold found on player Powerhouse
0 gold found on player Praydon
0 gold found on player Presidentboraj
0 gold found on player Primus
0 gold found on player Prot
0 gold found on player Psycho
0 gold found on player Psychosis
0 gold found on player Psychotic
0 gold found on player Pteron
0 gold found on player Pudge
0 gold found on player Pudortwo
0 gold found on player Puff
0 gold found on player Punchy
0 gold found on player Pyro
0 gold found on player Pyvero
0 gold found on player Qaexz
0 gold found on player Qaezx
0 gold found on player Qeaxz
0 gold found on player Qox
0 gold found on player Qoz
0 gold found on player Quadro
0 gold found on player Quanchi
0 gold found on player Queer
0 gold found on player Quelle
0 gold found on player Quentia
0 gold found on player Quiesco
0 gold found on player Quione
0 gold found on player Quisco
0 gold found on player Qwe
0 gold found on player Qwom
0 gold found on player Qye
0 gold found on player Ra
0 gold found on player Rabten
0 gold found on player Rade
0 gold found on player Rafin
0 gold found on player Raghnall
0 gold found on player Ragious
0 gold found on player Raijin
0 gold found on player Rail
0 gold found on player Raizen
0 gold found on player Raleran
0 gold found on player Rall
0 gold found on player Randymack
0 gold found on player Rao
0 gold found on player Ravyn
0 gold found on player Rawr
0 gold found on player Raylynn
0 gold found on player Rayome
0 gold found on player Razor
0 gold found on player Razz
0 gold found on player Recce
0 gold found on player Recon
0 gold found on player Recycle
0 gold found on player Redd
0 gold found on player Rednog
0 gold found on player Redvine
0 gold found on player Reggie
0 gold found on player Reina
0 gold found on player Rekall
0 gold found on player Releg
0 gold found on player Relic
0 gold found on player Requital
0 gold found on player Research
0 gold found on player Resse
0 gold found on player Retard
0 gold found on player Retro
0 gold found on player Rex
0 gold found on player Rfultra
0 gold found on player Rhazjin
0 gold found on player Rhog
0 gold found on player Rhombus
0 gold found on player Richard
0 gold found on player Rikkamaru
0 gold found on player Ripcord
0 gold found on player Rkjnek
0 gold found on player Rocht
0 gold found on player Rocketiza
0 gold found on player Rohsh
0 gold found on player Rollar
0 gold found on player Rollo
0 gold found on player Rothleran
0 gold found on player Roughneck
0 gold found on player Rudolpho
0 gold found on player Rufus
0 gold found on player Rumgone
0 gold found on player Ruz
0 gold found on player Rycth
0 gold found on player Ryu
0 gold found on player Sacred
0 gold found on player Saduh
0 gold found on player Sage
0 gold found on player Sailor
0 gold found on player Saiya
0 gold found on player Sakura
0 gold found on player Salisi
0 gold found on player Samael
0 gold found on player Sanchez
0 gold found on player Saori
0 gold found on player Sargon
0 gold found on player Sargus
0 gold found on player Sarguslegionnaire
0 gold found on player Sargussdf
0 gold found on player Sasuke
0 gold found on player Satan
0 gold found on player Saughtvol
0 gold found on player Savior
0 gold found on player Schlong
0 gold found on player Scine
0 gold found on player Scorpion
0 gold found on player Scyth
0 gold found on player Sdtest
0 gold found on player Seken
0 gold found on player Sel
0 gold found on player Senthar
0 gold found on player Septicemia
0 gold found on player Septula
0 gold found on player Serenity
0 gold found on player Serius
0 gold found on player Sevenofnine
0 gold found on player Sgggfg
0 gold found on player Shadestar
0 gold found on player Shadester
0 gold found on player Shahir
0 gold found on player Shaka
0 gold found on player Shakalaka
0 gold found on player Shalimar
0 gold found on player Shaman
0 gold found on player Shank
0 gold found on player Sharia
0 gold found on player Shear
0 gold found on player Sheila
0 gold found on player Shempbro
0 gold found on player Shemps
0 gold found on player Shempzilla
0 gold found on player Shepy
0 gold found on player Shiggi
0 gold found on player Shimay
0 gold found on player Shinare
0 gold found on player Shiver
0 gold found on player Shmino
0 gold found on player Shmot
0 gold found on player Shnag
0 gold found on player Shogun
0 gold found on player Shot
0 gold found on player Shotr
0 gold found on player Shouguy
0 gold found on player Shoulin
0 gold found on player Shouly
0 gold found on player Si
0 gold found on player Sicarii
0 gold found on player Sielu
0 gold found on player Silent
0 gold found on player Silere
0 gold found on player Silk
0 gold found on player Silliman
0 gold found on player Silth
0 gold found on player Silus
0 gold found on player Silva
0 gold found on player Sin
0 gold found on player Sindri
0 gold found on player Sinner
0 gold found on player Sintax
0 gold found on player Siskin
0 gold found on player Sithis
0 gold found on player Siuo
0 gold found on player Skar
0 gold found on player Skeet
0 gold found on player Skif
0 gold found on player Skunk
0 gold found on player Skyrrl
0 gold found on player Slave
0 gold found on player Sleep
0 gold found on player Slog
0 gold found on player Slyke
0 gold found on player Snowdan
0 gold found on player Sohrir
0 gold found on player Solace
0 gold found on player Solomon
0 gold found on player Somebody
0 gold found on player Sonicblue
0 gold found on player Soraj
0 gold found on player Sou
0 gold found on player Soulless
0 gold found on player Southi
0 gold found on player Sparkletts
0 gold found on player Sparticus
0 gold found on player Spud
0 gold found on player Sryct
0 gold found on player Standalone
0 gold found on player Standard
0 gold found on player Star
0 gold found on player Steady
0 gold found on player Stedman
0 gold found on player Sticky
0 gold found on player Stillth
0 gold found on player Stock
0 gold found on player Stopper
0 gold found on player Stormlord
0 gold found on player Strahd
0 gold found on player Strom
0 gold found on player Stryke
0 gold found on player Styck
0 gold found on player Subban
0 gold found on player Sugni
0 gold found on player Sumbag
0 gold found on player Suncubine
0 gold found on player Sundelisa
0 gold found on player Sundown
0 gold found on player Sunsoar
0 gold found on player Superfoot
0 gold found on player Sushi
0 gold found on player Syn
0 gold found on player Sytch
0 gold found on player Sythe
0 gold found on player Tabon
0 gold found on player Tacloban
0 gold found on player Taio
0 gold found on player Tais
0 gold found on player Takarias
0 gold found on player Takinora
0 gold found on player Tambalan
0 gold found on player Tanner
0 gold found on player Tanthas
0 gold found on player Tarathiellll
0 gold found on player Tarathilien
0 gold found on player Tariki
0 gold found on player Tarquis
0 gold found on player Tast
0 gold found on player Tattle
0 gold found on player Tazo
0 gold found on player Tej
0 gold found on player Telira
0 gold found on player Telnir
0 gold found on player Temugin
0 gold found on player Tengur
0 gold found on player Teop
0 gold found on player Ter
0 gold found on player Terror
0 gold found on player Tes
0 gold found on player Test
0 gold found on player Testchar
0 gold found on player Testcharr
0 gold found on player Testees
0 gold found on player Testerrr
0 gold found on player Testest
0 gold found on player Testguy
0 gold found on player Testtchar
0 gold found on player Testtt
0 gold found on player Tet
0 gold found on player Tezcatlipoca
0 gold found on player Tfoun
0 gold found on player Thaelia
0 gold found on player Thalia
0 gold found on player Thanatos
0 gold found on player Themeat
0 gold found on player Themis
0 gold found on player Theophilus
0 gold found on player Therealmalev
0 gold found on player Thiefin
0 gold found on player Thogenesis
0 gold found on player Thok
0 gold found on player Thom
0 gold found on player Thomas
0 gold found on player Thornton
0 gold found on player Thrall
0 gold found on player Thranduil
0 gold found on player Thrasher
0 gold found on player Threshtrophy
0 gold found on player Thryster
0 gold found on player Thumb
0 gold found on player Thunder
0 gold found on player Thyris
0 gold found on player Tick
0 gold found on player Tigger
0 gold found on player Tinda
0 gold found on player Tinga
0 gold found on player Tipa
0 gold found on player Tipsy
0 gold found on player Titus
0 gold found on player Tmesis
0 gold found on player Toby
0 gold found on player Toi
0 gold found on player Tokelau
0 gold found on player Tolui
0 gold found on player Tomi
0 gold found on player Tonto
0 gold found on player Toothrot
0 gold found on player Tor
0 gold found on player Torah
0 gold found on player Torak
0 gold found on player Toshio
0 gold found on player Toulouse
0 gold found on player Toxicity
0 gold found on player Tracker
0 gold found on player Trag
0 gold found on player Tragsm
0 gold found on player Trajik
0 gold found on player Treblin
0 gold found on player Trendkill
0 gold found on player Trez
0 gold found on player Tricy
0 gold found on player Tripel
0 gold found on player Tron
0 gold found on player Trych
0 gold found on player Tsumei
0 gold found on player Ttttt
0 gold found on player Tuah
0 gold found on player Tuff
0 gold found on player Tuklay
0 gold found on player Tuna
0 gold found on player Turgen
0 gold found on player Tuschepteba
0 gold found on player Twist
0 gold found on player Twisted
0 gold found on player Twobit
0 gold found on player Twolips
0 gold found on player Ty
0 gold found on player Tycar
0 gold found on player Tysal
0 gold found on player Tywin
0 gold found on player Ugh
0 gold found on player Ulric
0 gold found on player Ulrich
0 gold found on player Ulrik
0 gold found on player Unano
0 gold found on player User
0 gold found on player Vadlaney
0 gold found on player Vagachack
0 gold found on player Vaizin
0 gold found on player Vajrapani
0 gold found on player Valak
0 gold found on player Valdoun
0 gold found on player Valefor
0 gold found on player Valek
0 gold found on player Valentina
0 gold found on player Vallris
0 gold found on player Valmont
0 gold found on player Vanillazilla
0 gold found on player Vaporlocke
0 gold found on player Vardvtch
0 gold found on player Vargr
0 gold found on player Vashnarodu
0 gold found on player Vegeta
0 gold found on player Vegita
0 gold found on player Venom
0 gold found on player Ventti
0 gold found on player Verdict
0 gold found on player Verdicte
0 gold found on player Vereeen
0 gold found on player Vesuveus
0 gold found on player Vhong
0 gold found on player Vicaljr
0 gold found on player Vigal
0 gold found on player Vin
0 gold found on player Vinus
0 gold found on player Virage
0 gold found on player Vixen
0 gold found on player Vixensox
0 gold found on player Voltron
0 gold found on player Vonbolding
0 gold found on player Vondamere
0 gold found on player Vortai
0 gold found on player Wa
0 gold found on player Wade
0 gold found on player Wadey
0 gold found on player Waffle
0 gold found on player Wake
0 gold found on player Waldp
0 gold found on player Walken
0 gold found on player Walter
0 gold found on player Wamilah
0 gold found on player Wanderers
0 gold found on player Want
0 gold found on player Warpath
0 gold found on player Warpaw
0 gold found on player Wayne
0 gold found on player Wendel
0 gold found on player Werd
0 gold found on player Wewe
0 gold found on player Whazu
0 gold found on player Whodat
0 gold found on player Wildturkey
0 gold found on player Winjer
0 gold found on player Winky
0 gold found on player Wisdom
0 gold found on player Wiseth
0 gold found on player Wisth
0 gold found on player Woo
0 gold found on player Wotan
0 gold found on player Wren
0 gold found on player Wulfgang
0 gold found on player Xaelus
0 gold found on player Xaiax
0 gold found on player Xanas
0 gold found on player Xanax
0 gold found on player Xaphan
0 gold found on player Xaxxa
0 gold found on player Xcarlett
0 gold found on player Xena
0 gold found on player Xenethal
0 gold found on player Xi
0 gold found on player Xingu
0 gold found on player Xintax
0 gold found on player Xip
0 gold found on player Xiuhtec
0 gold found on player Xplicit
0 gold found on player Xyinos
0 gold found on player Xyntax
0 gold found on player Yachsaw
0 gold found on player Yarc
0 gold found on player Yataki
0 gold found on player Yawa
0 gold found on player Yayamo
0 gold found on player Yaz
0 gold found on player Yazrul
0 gold found on player Yensid
0 gold found on player Yeshug
0 gold found on player Yeti
0 gold found on player Yez
0 gold found on player Yil
0 gold found on player Yit
0 gold found on player Yix
0 gold found on player Ylsthgxb
0 gold found on player Yo
0 gold found on player Yoda
0 gold found on player Yomarjr
0 gold found on player Yoon
0 gold found on player Yoshi
0 gold found on player Youko
0 gold found on player Yu
0 gold found on player Yuffie
0 gold found on player Yur
0 gold found on player Zach
0 gold found on player Zakath
0 gold found on player Zander
0 gold found on player Zandramas
0 gold found on player Zanril
0 gold found on player Zaorjr
0 gold found on player Zap
0 gold found on player Zarakai
0 gold found on player Zartan
0 gold found on player Zeek
0 gold found on player Zeeke
0 gold found on player Zephyr
0 gold found on player Zerostatnumtwo
0 gold found on player Zerstoren
0 gold found on player Zgel
0 gold found on player Zidane
0 gold found on player Zigglenorf
0 gold found on player Zippy
0 gold found on player Zirque
0 gold found on player Zix
0 gold found on player Zjept
0 gold found on player Zofran
0 gold found on player Zoji
0 gold found on player Zolander
0 gold found on player Zolm
0 gold found on player Zombie
0 gold found on player Zorak
0 gold found on player Zorpfnork
0 gold found on player Zref
0 gold found on player Zuljin
0 gold found on player Zultan
0 gold found on player Zydrate
0 gold found on player Zythrog
1 gold found on player Bakura
1 gold found on player Bean
1 gold found on player Dynamik
1 gold found on player Enigmatic
1 gold found on player Hillbilly
3 gold found on player Asmana
6 gold found on player Ermagerd
6 gold found on player Tester
8 gold found on player Maraj
8 gold found on player Vittoria
10 gold found on player Nibbles
11 gold found on player Buh
11 gold found on player Siren
13 gold found on player Kreep
14 gold found on player Shyck
20 gold found on player Blade
30 gold found on player Heai
34 gold found on player Robu
41 gold found on player Isaiah
45 gold found on player Hanse
45 gold found on player Sekhmet
54 gold found on player Antichrist
54 gold found on player Ghog
59 gold found on player Bozel
60 gold found on player Essex
60 gold found on player Rosier
72 gold found on player Barzabel
75 gold found on player Miricle
80 gold found on player Jamammy
80 gold found on player Koladeus
80 gold found on player Lovebird
80 gold found on player Meroc
80 gold found on player Sarrrrgus
80 gold found on player Slusho
80 gold found on player Xiuh
82 gold found on player Malik
89 gold found on player Hellraiser
90 gold found on player Duhimdynamik
90 gold found on player Jarethsan
90 gold found on player Littefrog
90 gold found on player Snot
90 gold found on player Sorow
90 gold found on player Sucio
94 gold found on player Novact
94 gold found on player Riley
98 gold found on player Rakghul
100 gold found on player Ackthibbit
100 gold found on player Button
100 gold found on player Daboola
100 gold found on player Girt
100 gold found on player Quasar
100 gold found on player Tootsieroll
110 gold found on player Grylls
110 gold found on player Heart
110 gold found on player Laroii
110 gold found on player Levy
110 gold found on player Testman
111 gold found on player Mykkael
120 gold found on player Bull
120 gold found on player Grrrr
120 gold found on player Murdocha
120 gold found on player Poopyhead
120 gold found on player Ranswer
142 gold found on player Walma
150 gold found on player Beast
153 gold found on player Butch
160 gold found on player Aes
160 gold found on player Iosin
160 gold found on player Makila
160 gold found on player Pinoys
160 gold found on player Stork
160 gold found on player Velric
160 gold found on player Zaiden
176 gold found on player Ed
180 gold found on player Bezul
180 gold found on player Daffy
180 gold found on player Gavel
180 gold found on player Lll
180 gold found on player Luther
180 gold found on player Thogs
183 gold found on player Eureka
199 gold found on player Grall
200 gold found on player Jasta
200 gold found on player Mizu
200 gold found on player Muris
200 gold found on player Nalraf
200 gold found on player Nicorimm
200 gold found on player Pudorturules
210 gold found on player Kui
220 gold found on player Bhask
220 gold found on player Lan
220 gold found on player Lysa
220 gold found on player Sperm
225 gold found on player Adam
226 gold found on player Undertaker
239 gold found on player Zonk
240 gold found on player Binladen
240 gold found on player Chekhu
240 gold found on player Deonyx
240 gold found on player Devilsfury
240 gold found on player Hiat
240 gold found on player Jamescaul
240 gold found on player Kraul
240 gold found on player Loddoss
240 gold found on player Nephys
240 gold found on player Oneeyedsnake
240 gold found on player Paddystore
240 gold found on player Randy
240 gold found on player Rok
240 gold found on player Soso
240 gold found on player Stagger
240 gold found on player Swagger
240 gold found on player Wrucebillis
244 gold found on player Zato
245 gold found on player Dern
251 gold found on player Ramza
260 gold found on player Infiltrator
261 gold found on player Hela
265 gold found on player Uttech
267 gold found on player Somnus
270 gold found on player Frezno
270 gold found on player Mmmmnahnah
270 gold found on player Pannda
270 gold found on player Red
270 gold found on player Tovarau
270 gold found on player Xivix
271 gold found on player Rysal
273 gold found on player Vonemp
294 gold found on player Erebus
297 gold found on player Dorian
300 gold found on player Cletus
300 gold found on player Filipino
300 gold found on player Homer
300 gold found on player Irishrayvvn
300 gold found on player Jooooooo
300 gold found on player Mehmik
300 gold found on player Obamacare
300 gold found on player Polka
300 gold found on player Simsercas
300 gold found on player Zandy
300 gold found on player Zerostat
303 gold found on player Peanut
312 gold found on player Arlan
317 gold found on player Hurdok
320 gold found on player Aenima
320 gold found on player Bahamut
320 gold found on player Cat
320 gold found on player Clem
320 gold found on player Dardean
320 gold found on player Fatty
320 gold found on player Hawk
320 gold found on player Jeskar
320 gold found on player Joel
320 gold found on player Thoggernaut
330 gold found on player Arbraces
330 gold found on player Asha
330 gold found on player Ass
330 gold found on player Bronson
330 gold found on player Chet
330 gold found on player Citera
330 gold found on player Diskie
330 gold found on player Eragon
330 gold found on player Grevious
330 gold found on player Greystone
330 gold found on player Keryl
330 gold found on player Moosehorn
330 gold found on player Ogre
330 gold found on player Quintus
330 gold found on player Radu
330 gold found on player Superstes
340 gold found on player Aegis
354 gold found on player Astig
360 gold found on player Arigatou
360 gold found on player Borajj
360 gold found on player Bowinvi
360 gold found on player Duddlette
360 gold found on player Envy
360 gold found on player Fenril
360 gold found on player Fowintu
360 gold found on player Frieza
360 gold found on player Hypnotic
360 gold found on player Keary
360 gold found on player Kithryn
360 gold found on player Mael
360 gold found on player Rurox
360 gold found on player Shump
360 gold found on player Spider
360 gold found on player Tindle
360 gold found on player Xayeewa
360 gold found on player Ziddy
361 gold found on player Drail
363 gold found on player Nekasrof
365 gold found on player Yonaton
387 gold found on player Rizzo
390 gold found on player Belgarath
393 gold found on player Lamaz
399 gold found on player Yla
400 gold found on player Babyboo
400 gold found on player Diarrhea
400 gold found on player Ganzo
400 gold found on player Gorklok
400 gold found on player Guttergirl
400 gold found on player Hazlitt
400 gold found on player Hypo
400 gold found on player Klarx
400 gold found on player Magnataur
400 gold found on player Oritionx
400 gold found on player Ozaena
400 gold found on player Pesti
400 gold found on player Poopwrancher
400 gold found on player Pudcrtu
400 gold found on player Reynerd
400 gold found on player Ricola
400 gold found on player Silvur
400 gold found on player Stelio
400 gold found on player Suauki
400 gold found on player Sudako
400 gold found on player Tantric
400 gold found on player Testmud
400 gold found on player Tinza
400 gold found on player Wolfgang
405 gold found on player Dario
412 gold found on player Blyzzard
418 gold found on player Zappy
419 gold found on player Natural
427 gold found on player Elgin
437 gold found on player Patches
439 gold found on player Taq
440 gold found on player Dafuq
440 gold found on player Ghoul
440 gold found on player Kublai
440 gold found on player Oooooo
440 gold found on player Phloyd
440 gold found on player Sandtigier
440 gold found on player Stfu
440 gold found on player Superswift
440 gold found on player Testdummy
448 gold found on player Dagonet
448 gold found on player Elba
450 gold found on player Animmortal
450 gold found on player Atrophie
450 gold found on player Beef
450 gold found on player Chronnos
450 gold found on player Cuss
450 gold found on player Digget
450 gold found on player Emfb
450 gold found on player Fireshot
450 gold found on player Fsdfl
450 gold found on player Fugh
450 gold found on player Heathan
450 gold found on player Kwan
450 gold found on player Lanz
450 gold found on player Nezeratu
450 gold found on player Ninjabot
450 gold found on player Nutgobbler
450 gold found on player Robarvy
450 gold found on player Saeffjo
450 gold found on player Sam
450 gold found on player Storeins
450 gold found on player Vorn
450 gold found on player Wang
450 gold found on player Weezer
450 gold found on player Wolverine
450 gold found on player Xanthik
450 gold found on player Zhakrin
450 gold found on player Zoidberg
455 gold found on player Inferno
460 gold found on player Pyrrho
480 gold found on player Billgates
480 gold found on player Bloodninja
480 gold found on player Cleus
480 gold found on player Dentist
480 gold found on player Dingbat
480 gold found on player Facebook
480 gold found on player Grugmuk
480 gold found on player Halo
480 gold found on player Hoenheim
480 gold found on player Kidyot
480 gold found on player Kronk
480 gold found on player Liquor
480 gold found on player Melttdown
480 gold found on player Mua
480 gold found on player Neerios
480 gold found on player Poopdump
480 gold found on player Prodius
480 gold found on player Pudrotu
480 gold found on player Reggis
480 gold found on player Sakana
480 gold found on player Sarguslegionairre
480 gold found on player Sectumsempra
480 gold found on player Sigurette
480 gold found on player Thorin
480 gold found on player Tyorr
480 gold found on player Valance
480 gold found on player Vasago
480 gold found on player Vearn
480 gold found on player Xtatica
480 gold found on player You
488 gold found on player Orphen
499 gold found on player Dodong
500 gold found on player Bigmeanchicken
500 gold found on player Drogo
500 gold found on player Gino
500 gold found on player Jangles
500 gold found on player Krusty
500 gold found on player Malevollent
500 gold found on player Nebuchadnezar
500 gold found on player Notatrophy
500 gold found on player Rog
500 gold found on player Ticonderoga
512 gold found on player Ren
512 gold found on player Ringo
518 gold found on player Valatros
525 gold found on player Von
528 gold found on player Porkchop
540 gold found on player Bokonni
540 gold found on player Cobarso
540 gold found on player Dukaada
540 gold found on player Lilandra
540 gold found on player Maelmor
540 gold found on player Maethlon
540 gold found on player Maguu
540 gold found on player Sycth
545 gold found on player Grabble
550 gold found on player Adrenalline
550 gold found on player Andrik
550 gold found on player Arkooni
550 gold found on player Cadex
550 gold found on player Discreed
550 gold found on player Donnie
550 gold found on player Fallible
550 gold found on player Flex
550 gold found on player Flocamjim
550 gold found on player Furon
550 gold found on player Gregles
550 gold found on player Heiko
550 gold found on player Jejemon
550 gold found on player Karma
550 gold found on player Lohke
550 gold found on player Menoppose
550 gold found on player Napkin
550 gold found on player Proton
550 gold found on player Robotoe
550 gold found on player Sargustimewarrior
550 gold found on player Spaz
550 gold found on player Sup
560 gold found on player Aeliana
560 gold found on player Bargirl
560 gold found on player Chazwoza
560 gold found on player Christ
560 gold found on player Gary
560 gold found on player Grufflord
560 gold found on player If
560 gold found on player Izahn
560 gold found on player Jaera
560 gold found on player Pudorthree
560 gold found on player Scrrcw
560 gold found on player Shamus
560 gold found on player Shiro
560 gold found on player Silvontre
560 gold found on player Spongeboob
560 gold found on player Theopenedmind
560 gold found on player Tuverka
560 gold found on player Wajango
571 gold found on player Horton
574 gold found on player Lostsioux
587 gold found on player Lightfoot
594 gold found on player Lyefn
600 gold found on player Ahlah
600 gold found on player Alexa
600 gold found on player Antishemp
600 gold found on player Blink
600 gold found on player Cacupwa
600 gold found on player Caldon
600 gold found on player Defeean
600 gold found on player Drexlor
600 gold found on player Elbert
600 gold found on player Epinephrine
600 gold found on player Greeno
600 gold found on player Jooppya
600 gold found on player Kadsukichan
600 gold found on player Kilimanjaro
600 gold found on player Matrty
600 gold found on player Mauve
600 gold found on player Michael
600 gold found on player Niocorette
600 gold found on player Nzambi
600 gold found on player Pokaytu
600 gold found on player Shamp
600 gold found on player Silvanis
600 gold found on player Skwyrm
600 gold found on player Swos
600 gold found on player Vorcan
600 gold found on player Vulcan
600 gold found on player Xaiya
600 gold found on player Zaito
600 gold found on player Zonq
604 gold found on player Fin
604 gold found on player Xkaliber
612 gold found on player Angel
626 gold found on player Dawan
626 gold found on player Mickey
627 gold found on player Azelie
629 gold found on player Zso
630 gold found on player Azhole
630 gold found on player Cassandra
630 gold found on player Cool
630 gold found on player Dave
630 gold found on player Drizzit
630 gold found on player Eniigmatic
630 gold found on player Flouride
630 gold found on player Fozeebo
630 gold found on player Harlan
630 gold found on player Imortalis
630 gold found on player Meto
630 gold found on player Pehnisfecker
630 gold found on player Radunyo
630 gold found on player Rezbak
630 gold found on player Shields
630 gold found on player Spawn
630 gold found on player Thaddurr
630 gold found on player Toru
640 gold found on player Buhamut
640 gold found on player Doloona
640 gold found on player Dozepci
640 gold found on player Duval
640 gold found on player Finder
640 gold found on player Fishmaster
640 gold found on player Jareemo
640 gold found on player Lampurnas
640 gold found on player Lupansa
640 gold found on player Murl
640 gold found on player Orazun
640 gold found on player Pobarau
640 gold found on player Sarguslegion
640 gold found on player Shadowdancer
640 gold found on player Thiefer
640 gold found on player Valen
640 gold found on player Yiporan
640 gold found on player Zoe
651 gold found on player Ged
658 gold found on player Randle
660 gold found on player Bozapki
660 gold found on player Chaldoc
660 gold found on player Entoy
660 gold found on player Helehall
660 gold found on player Hrathon
660 gold found on player Knifes
660 gold found on player Macaroniandcheese
660 gold found on player Silchas
660 gold found on player Slivar
660 gold found on player Stoopkid
660 gold found on player Yoyepde
666 gold found on player Lancelot
695 gold found on player Shamwow
700 gold found on player Agailia
700 gold found on player Alysandra
700 gold found on player Asa
700 gold found on player Ash
700 gold found on player Hitarka
700 gold found on player Isosceles
700 gold found on player Justin
700 gold found on player Malt
700 gold found on player Mambo
700 gold found on player Rika
700 gold found on player Sawwako
700 gold found on player Testingone
700 gold found on player Uruwan
720 gold found on player Adacondia
720 gold found on player Albonci
720 gold found on player Apec
720 gold found on player Arkady
720 gold found on player Aueatga
720 gold found on player Bagarni
720 gold found on player Ballbags
720 gold found on player Biteme
720 gold found on player Blargh
720 gold found on player Che
720 gold found on player Chorum
720 gold found on player Corra
720 gold found on player Crow
720 gold found on player Cudobu
720 gold found on player Dane
720 gold found on player Deman
720 gold found on player Dheluxe
720 gold found on player Elias
720 gold found on player Erluntu
720 gold found on player Gerald
720 gold found on player Gimli
720 gold found on player Guiila
720 gold found on player Iudas
720 gold found on player Jonah
720 gold found on player Karen
720 gold found on player Likizi
720 gold found on player Logarth
720 gold found on player Lollipop
720 gold found on player Lolololol
720 gold found on player Mrs
720 gold found on player Obama
720 gold found on player Ovarok
720 gold found on player Petunia
720 gold found on player Phuckupchuck
720 gold found on player Pimenyo
720 gold found on player Pugeee
720 gold found on player Rugis
720 gold found on player Ryan
720 gold found on player Sadocism
720 gold found on player Sandttiger
720 gold found on player Scrrow
720 gold found on player Sednra
720 gold found on player Shempp
720 gold found on player Sloak
720 gold found on player Snuff
720 gold found on player Spartacus
720 gold found on player Stormcrow
720 gold found on player Thedude
720 gold found on player Tot
720 gold found on player Treze
720 gold found on player Twitch
720 gold found on player Ullr
720 gold found on player Wijeego
720 gold found on player Wooopi
720 gold found on player Xandross
720 gold found on player Yovac
720 gold found on player Zarthixxa
724 gold found on player Villager
725 gold found on player Yesuin
727 gold found on player Kaiden
734 gold found on player Evor
742 gold found on player Puchan
746 gold found on player Sen
770 gold found on player Babyxiuh
770 gold found on player Boobgoblin
770 gold found on player Chai
770 gold found on player Legionairre
770 gold found on player Mayhem
770 gold found on player Nachos
770 gold found on player Nandiel
770 gold found on player Nieatso
770 gold found on player Pcloadletter
770 gold found on player Pluto
770 gold found on player Ramla
770 gold found on player Tikabalang
770 gold found on player Uli
770 gold found on player Yashiroo
770 gold found on player Zijeegi
772 gold found on player Hiromi
781 gold found on player Darkman
797 gold found on player Boof
800 gold found on player Aryyn
800 gold found on player Chimera
800 gold found on player Daybreak
800 gold found on player Dione
800 gold found on player Eachna
800 gold found on player Enzyme
800 gold found on player Facephuckthebrigand
800 gold found on player Fakonna
800 gold found on player Firebreather
800 gold found on player Goon
800 gold found on player Holly
800 gold found on player Holzp
800 gold found on player Inverness
800 gold found on player Ironstag
800 gold found on player Jayarpo
800 gold found on player Joarrko
800 gold found on player Maoy
800 gold found on player Miranpa
800 gold found on player Nero
800 gold found on player Pugdawg
800 gold found on player Regiss
800 gold found on player Reidjr
800 gold found on player Sauron
800 gold found on player Scrabble
800 gold found on player Thcg
800 gold found on player This
800 gold found on player Tygah
800 gold found on player Tzitzimime
800 gold found on player Veagro
800 gold found on player Vykeede
800 gold found on player Warlow
800 gold found on player Xpme
810 gold found on player Dood
810 gold found on player Dranisx
810 gold found on player Ermenxo
810 gold found on player Griever
810 gold found on player Jsymes
810 gold found on player Mistic
810 gold found on player Noharlo
810 gold found on player Russ
810 gold found on player Sadoto
810 gold found on player Tank
810 gold found on player Thisisatest
810 gold found on player Vawaxil
810 gold found on player Xozapta
810 gold found on player Zarthan
814 gold found on player Morior
815 gold found on player Nicodemus
820 gold found on player Burglar
840 gold found on player Agacheck
840 gold found on player Allister
840 gold found on player Amish
840 gold found on player Arbock
840 gold found on player Arteede
840 gold found on player Artemis
840 gold found on player Demosai
840 gold found on player Foiigo
840 gold found on player Forger
840 gold found on player Hal
840 gold found on player Inlipal
840 gold found on player Jimbo
840 gold found on player Kelaj
840 gold found on player Melanz
840 gold found on player Mideline
840 gold found on player Nikhahore
840 gold found on player Ordin
840 gold found on player Raskolnikov
840 gold found on player Santorum
840 gold found on player Seerah
840 gold found on player Sirviver
840 gold found on player Up
853 gold found on player Julian
863 gold found on player Deidara
865 gold found on player Havoc
880 gold found on player Ameir
880 gold found on player Apocalypse
880 gold found on player Bilco
880 gold found on player Bofeexo
880 gold found on player Conroy
880 gold found on player Entreri
880 gold found on player Everyone
880 gold found on player Famenco
880 gold found on player Gara
880 gold found on player Geoa
880 gold found on player Hiya
880 gold found on player Hum
880 gold found on player Iamme
880 gold found on player Inlargo
880 gold found on player Jajarla
880 gold found on player Jeckel
880 gold found on player Kade
880 gold found on player Kaz
880 gold found on player Kiparin
880 gold found on player Korvaen
880 gold found on player Lahungu
880 gold found on player Ledgasdl
880 gold found on player Malevolant
880 gold found on player Necropant
880 gold found on player Nikeevi
880 gold found on player Niko
880 gold found on player Niporma
880 gold found on player Olanica
880 gold found on player Oldiebutgoodie
880 gold found on player Orfantal
880 gold found on player Poop
880 gold found on player Rapordu
880 gold found on player Rezuen
880 gold found on player Saeatlo
880 gold found on player Sephiroth
880 gold found on player Shrimp
880 gold found on player Thogkhogbhogqhog
880 gold found on player Trang
880 gold found on player Tsukune
880 gold found on player Typhoon
880 gold found on player Valor
881 gold found on player Bowler
900 gold found on player Abad
900 gold found on player Aksdjgh
900 gold found on player Badorto
900 gold found on player Baratheon
900 gold found on player Bazza
900 gold found on player Boobo
900 gold found on player Chibi
900 gold found on player Ciparlu
900 gold found on player Cojansa
900 gold found on player Covensux
900 gold found on player Drux
900 gold found on player Dza
900 gold found on player Eqer
900 gold found on player Gobonar
900 gold found on player Goldenhooks
900 gold found on player Gozmudon
900 gold found on player Gujanan
900 gold found on player Guyenin
900 gold found on player Hooters
900 gold found on player Info
900 gold found on player Ironfoot
900 gold found on player Kain
900 gold found on player Kudodo
900 gold found on player Lifargi
900 gold found on player Long
900 gold found on player Narayan
900 gold found on player New
900 gold found on player Ngatai
900 gold found on player Phoo
900 gold found on player Rohan
900 gold found on player Scalene
900 gold found on player Sengun
900 gold found on player Suoppca
900 gold found on player Tengurr
900 gold found on player Thor
900 gold found on player Uwak
900 gold found on player Visucius
900 gold found on player Wilhelm
900 gold found on player Wopanva
900 gold found on player Wormtoe
900 gold found on player Wulfgarr
900 gold found on player Xaclarpi
900 gold found on player Yadaara
900 gold found on player Yurian
900 gold found on player Zicorga
900 gold found on player Zihunab
906 gold found on player Shaunali
906 gold found on player Zyggo
913 gold found on player Cabal
934 gold found on player Nosh
959 gold found on player Malevolentjrjrjrjr
960 gold found on player Antikhrist
960 gold found on player Atrophi
960 gold found on player Beryl
960 gold found on player Chappelle
960 gold found on player Crowsfeet
960 gold found on player Deilno
960 gold found on player Doparma
960 gold found on player Dyramin
960 gold found on player Gremlin
960 gold found on player Gutterman
960 gold found on player Hasim
960 gold found on player Jamenfa
960 gold found on player James
960 gold found on player Jopanlo
960 gold found on player Kariasdsissy
960 gold found on player Kronen
960 gold found on player Lalaii
960 gold found on player Maldito
960 gold found on player Mango
960 gold found on player Morlock
960 gold found on player Nitarlu
960 gold found on player Noone
960 gold found on player Ohno
960 gold found on player Peyton
960 gold found on player Poeeca
960 gold found on player Popeman
960 gold found on player Reynald
960 gold found on player Salipha
960 gold found on player Shron
960 gold found on player Stretch
960 gold found on player Thugnificent
960 gold found on player Vyloovi
960 gold found on player Zafeeza
968 gold found on player Morissa
973 gold found on player Arktos
973 gold found on player Ganzoboy
990 gold found on player Actionjackson
990 gold found on player Burt
990 gold found on player Cazapdo
990 gold found on player Chud
990 gold found on player Clerk
990 gold found on player Clit
990 gold found on player Corda
990 gold found on player Drwho
990 gold found on player Feathercloak
990 gold found on player Fecaloid
990 gold found on player Feirho
990 gold found on player Graenler
990 gold found on player Jorix
990 gold found on player Kir
990 gold found on player Maskui
990 gold found on player Mucki
990 gold found on player Newton
990 gold found on player Nogosa
990 gold found on player Noharin
990 gold found on player Nuggs
990 gold found on player Ooooooo
990 gold found on player Pamda
990 gold found on player Pikija
990 gold found on player Pimarde
990 gold found on player Pinkman
990 gold found on player Ponnampi
990 gold found on player Pork
990 gold found on player Ralaren
990 gold found on player Rent
990 gold found on player Rhizzo
990 gold found on player Sandman
990 gold found on player Skullwrencha
990 gold found on player Spank
990 gold found on player Squiidux
990 gold found on player Stellar
990 gold found on player Taufiq
990 gold found on player Testcharrr
990 gold found on player Tunka
990 gold found on player Tymilph
990 gold found on player Vifeeca
990 gold found on player Yimofu
990 gold found on player Zadaamo
1000 gold found on player Aelo
1000 gold found on player Anzapwi
1000 gold found on player Beatrice
1000 gold found on player Gir
1000 gold found on player Google
1000 gold found on player Hashana
1000 gold found on player Ilbonbo
1000 gold found on player Karlroesner
1000 gold found on player Laseris
1000 gold found on player Laveryo
1000 gold found on player Mahunmi
1000 gold found on player Mirith
1000 gold found on player Neil
1000 gold found on player Ses
1000 gold found on player Spankster
1000 gold found on player Threshticle
1000 gold found on player Timang
1000 gold found on player Ururu
1000 gold found on player Wew
1000 gold found on player Zavinku
1005 gold found on player Amducias
1039 gold found on player Kilroy
1040 gold found on player Allroy
1040 gold found on player Amon
1040 gold found on player Andilam
1040 gold found on player Asdfl
1040 gold found on player Boy
1040 gold found on player Carl
1040 gold found on player Cleric
1040 gold found on player Darkfyre
1040 gold found on player Deleetu
1040 gold found on player Dembro
1040 gold found on player Estasi
1040 gold found on player Faceblasterman
1040 gold found on player Fuoofo
1040 gold found on player Grady
1040 gold found on player Hearte
1040 gold found on player Imamage
1040 gold found on player Kaharin
1040 gold found on player Lesnostros
1040 gold found on player Loreen
1040 gold found on player Regret
1040 gold found on player Tantramar
1040 gold found on player Zyrax
1046 gold found on player Spindrift
1050 gold found on player Buddyo
1080 gold found on player Angeit
1080 gold found on player Atinard
1080 gold found on player Balls
1080 gold found on player Belz
1080 gold found on player Brethan
1080 gold found on player Californiaroll
1080 gold found on player Dekonja
1080 gold found on player Doharvo
1080 gold found on player Dutardo
1080 gold found on player Engh
1080 gold found on player Engomo
1080 gold found on player Geezas
1080 gold found on player Gort
1080 gold found on player Gutter
1080 gold found on player Hayepwa
1080 gold found on player Hiruko
1080 gold found on player Homing
1080 gold found on player Ijada
1080 gold found on player Joshua
1080 gold found on player Klien
1080 gold found on player Lothry
1080 gold found on player Luyenha
1080 gold found on player Magepage
1080 gold found on player Makkresh
1080 gold found on player Mule
1080 gold found on player Nemasess
1080 gold found on player Pixel
1080 gold found on player Poli
1080 gold found on player Raneaf
1080 gold found on player Roteefo
1080 gold found on player Shi
1080 gold found on player Strongside
1080 gold found on player Sturm
1080 gold found on player Tenchi
1080 gold found on player Xiryne
1080 gold found on player Yella
1080 gold found on player Yes
1080 gold found on player Yokaymi
1080 gold found on player Zak
1100 gold found on player Abhunpo
1100 gold found on player Agentsmith
1100 gold found on player Ahriman
1100 gold found on player Bicita
1100 gold found on player Blorg
1100 gold found on player Boggle
1100 gold found on player Boner
1100 gold found on player Buang
1100 gold found on player Caddry
1100 gold found on player Chack
1100 gold found on player Cijeesu
1100 gold found on player Cryzeck
1100 gold found on player Cujanen
1100 gold found on player Dawinko
1100 gold found on player Deadtired
1100 gold found on player Desk
1100 gold found on player Duhadva
1100 gold found on player Entram
1100 gold found on player Fhog
1100 gold found on player Fokayla
1100 gold found on player Frog
1100 gold found on player Gihaddu
1100 gold found on player Gueatya
1100 gold found on player Haliburton
1100 gold found on player Hecubus
1100 gold found on player Jafeeza
1100 gold found on player Joyeepo
1100 gold found on player Kikaadu
1100 gold found on player Kinghankfist
1100 gold found on player Koclarni
1100 gold found on player Laparzi
1100 gold found on player Largeshimpfriendri
1100 gold found on player Lawarku
1100 gold found on player Mazrodus
1100 gold found on player Miforta
1100 gold found on player Mortal
1100 gold found on player Nikarrojo
1100 gold found on player Ogrovuk
1100 gold found on player Oldperson
1100 gold found on player Oobongo
1100 gold found on player Oolooda
1100 gold found on player Poburza
1100 gold found on player Pyatpree
1100 gold found on player Rad
1100 gold found on player Reichtor
1100 gold found on player Samwise
1100 gold found on player Shadowboy
1100 gold found on player Skrubrett
1100 gold found on player Styles
1100 gold found on player Superau
1100 gold found on player Tekin
1100 gold found on player Vasilas
1100 gold found on player Wamiho
1100 gold found on player Warheart
1100 gold found on player Zawjrii
1102 gold found on player Crystoe
1107 gold found on player Torch
1120 gold found on player Atrohohmo
1120 gold found on player Bigweiner
1120 gold found on player Calathrin
1120 gold found on player Ctuchik
1120 gold found on player Deuxexmachina
1120 gold found on player Eizal
1120 gold found on player Enlarra
1120 gold found on player Ergarza
1120 gold found on player Grando
1120 gold found on player Henrik
1120 gold found on player Jelli
1120 gold found on player Kirra
1120 gold found on player Meloku
1120 gold found on player Memcoc
1120 gold found on player Moharga
1120 gold found on player Phuckfacethebravo
1120 gold found on player Rayvenmud
1120 gold found on player Saforki
1120 gold found on player Tazapzo
1138 gold found on player Lethe
1143 gold found on player Drudo
1143 gold found on player Jono
1153 gold found on player Frank
1156 gold found on player Prometheus
1170 gold found on player Anoldiereturning
1170 gold found on player Blackwing
1170 gold found on player Brax
1170 gold found on player Celahex
1170 gold found on player Chad
1170 gold found on player Chase
1170 gold found on player Darkknight
1170 gold found on player Dokeeno
1170 gold found on player Durnik
1170 gold found on player Dyna
1170 gold found on player Eldist
1170 gold found on player Fixious
1170 gold found on player Hehehe
1170 gold found on player Kevinblue
1170 gold found on player Maunno
1170 gold found on player Mehrune
1170 gold found on player Morsaii
1170 gold found on player Sartan
1170 gold found on player Sharknado
1170 gold found on player Simpleman
1170 gold found on player Snooki
1170 gold found on player Thedeus
1170 gold found on player Tofui
1170 gold found on player Vixensocks
1170 gold found on player Zabrahar
1176 gold found on player Hyuk
1192 gold found on player Etewyn
1192 gold found on player Hyson
1198 gold found on player Torture
1200 gold found on player Behp
1200 gold found on player Bils
1200 gold found on player Correr
1200 gold found on player Creonz
1200 gold found on player Dail
1200 gold found on player Dakixa
1200 gold found on player Deztar
1200 gold found on player Diar
1200 gold found on player Dylan
1200 gold found on player Edward
1200 gold found on player Ehanon
1200 gold found on player Fuversa
1200 gold found on player Gakima
1200 gold found on player Gharoathe
1200 gold found on player Gold
1200 gold found on player Hu
1200 gold found on player Itsme
1200 gold found on player Jaga
1200 gold found on player Joe
1200 gold found on player Kaeear
1200 gold found on player Kaide
1200 gold found on player Kao
1200 gold found on player Mahn
1200 gold found on player Morandu
1200 gold found on player Naix
1200 gold found on player Nantuke
1200 gold found on player Nawinki
1200 gold found on player Nemetress
1200 gold found on player Nemo
1200 gold found on player Okra
1200 gold found on player Pando
1200 gold found on player Reynatinap
1200 gold found on player Riecon
1200 gold found on player Rlijah
1200 gold found on player Roxort
1200 gold found on player Sawzaw
1200 gold found on player Somecne
1200 gold found on player Suoopi
1200 gold found on player Tobias
1200 gold found on player Tosen
1200 gold found on player Trollicus
1200 gold found on player Turbotax
1200 gold found on player Vyst
1200 gold found on player Xylor
1200 gold found on player Yawin
1200 gold found on player Zuriel
1210 gold found on player Alhazzikillua
1210 gold found on player Axxen
1210 gold found on player Beowolf
1210 gold found on player Corin
1210 gold found on player Corpsegrinder
1210 gold found on player Drazinda
1210 gold found on player Dumenho
1210 gold found on player Eon
1210 gold found on player Gremval
1210 gold found on player Jofarto
1210 gold found on player Llenrup
1210 gold found on player Mourn
1210 gold found on player Rozarus
1210 gold found on player Seconddagger
1210 gold found on player Spark
1210 gold found on player Trevor
1213 gold found on player Mance
1213 gold found on player Monica
1213 gold found on player Raith
1241 gold found on player Gilfred
1260 gold found on player Angelic
1260 gold found on player Anmifa
1260 gold found on player Avacar
1260 gold found on player Bellatrix
1260 gold found on player Chinto
1260 gold found on player Damuge
1260 gold found on player Killa
1260 gold found on player Loza
1260 gold found on player Maikos
1260 gold found on player Mordakai
1260 gold found on player Mordekan
1260 gold found on player Pudorto
1260 gold found on player Tabarde
1260 gold found on player Wazooama
1260 gold found on player Xzero
1272 gold found on player Rod
1280 gold found on player Barrack
1280 gold found on player Daddar
1280 gold found on player Dingdong
1280 gold found on player Gnelud
1280 gold found on player Iwobbles
1280 gold found on player Koreeko
1280 gold found on player Malevolentjrjr
1280 gold found on player Vargos
1295 gold found on player Aiqo
1300 gold found on player Baroqen
1300 gold found on player Bozeena
1300 gold found on player Cowinbo
1300 gold found on player Deooya
1300 gold found on player Halliburton
1300 gold found on player Kier
1300 gold found on player Maradon
1300 gold found on player Moocow
1300 gold found on player Ninoy
1300 gold found on player Photon
1300 gold found on player Ram
1300 gold found on player Rena
1300 gold found on player Rom
1300 gold found on player Sex
1300 gold found on player Sexmaster
1300 gold found on player Xoharla
1314 gold found on player Valarian
1315 gold found on player Lux
1319 gold found on player Elron
1320 gold found on player Anlarna
1320 gold found on player Balthamel
1320 gold found on player Bazazath
1320 gold found on player Belial
1320 gold found on player Bentong
1320 gold found on player Buwarno
1320 gold found on player Cakeeer
1320 gold found on player Caligula
1320 gold found on player Chachuck
1320 gold found on player Colon
1320 gold found on player Crynth
1320 gold found on player Damon
1320 gold found on player Drizzt
1320 gold found on player Ezabri
1320 gold found on player Foobar
1320 gold found on player Garama
1320 gold found on player Goharko
1320 gold found on player Guydie
1320 gold found on player Harlequinn
1320 gold found on player Idoru
1320 gold found on player Igor
1320 gold found on player Jacel
1320 gold found on player Kable
1320 gold found on player Lolocaust
1320 gold found on player Maruxus
1320 gold found on player Maxammo
1320 gold found on player Mico
1320 gold found on player Morunde
1320 gold found on player Rofunvy
1320 gold found on player Symphony
1320 gold found on player Testttt
1320 gold found on player Torso
1320 gold found on player Varunlu
1320 gold found on player Vyharan
1320 gold found on player Wtf
1320 gold found on player Zahunxa
1325 gold found on player Brewmay
1326 gold found on player Lyov
1332 gold found on player Charn
1333 gold found on player Nort
1339 gold found on player Karn
1341 gold found on player Bradley
1350 gold found on player Alilpo
1350 gold found on player Bootae
1350 gold found on player Coverko
1350 gold found on player Davarna
1350 gold found on player Gask
1350 gold found on player Grown
1350 gold found on player Jew
1350 gold found on player Jurgen
1350 gold found on player Kellanved
1350 gold found on player Ooburpi
1350 gold found on player Pilf
1350 gold found on player Rabbi
1350 gold found on player Selfi
1350 gold found on player Xanlor
1360 gold found on player Inoohi
1360 gold found on player Kibosh
1360 gold found on player Kranky
1360 gold found on player Letacla
1360 gold found on player Lifebinder
1360 gold found on player Romney
1360 gold found on player Sack
1360 gold found on player Zoeatca
1369 gold found on player Barros
1388 gold found on player Harlock
1400 gold found on player Abbo
1400 gold found on player Apac
1400 gold found on player Dix
1400 gold found on player Doomhammer
1400 gold found on player Elijah
1400 gold found on player Figure
1400 gold found on player Fireball
1400 gold found on player Justine
1400 gold found on player Marisa
1400 gold found on player Needlke
1400 gold found on player Oegerda
1400 gold found on player Pasiphae
1400 gold found on player Reign
1400 gold found on player Roseana
1400 gold found on player Succbine
1400 gold found on player Wooooooooooooooooooo
1400 gold found on player Zeff
1420 gold found on player Erlkonn
1430 gold found on player Abyepcu
1430 gold found on player Aldo
1430 gold found on player Destin
1430 gold found on player Greey
1430 gold found on player Gupanca
1430 gold found on player Hafarab
1430 gold found on player Jaspper
1430 gold found on player Matia
1430 gold found on player Ooburxi
1430 gold found on player Pandda
1430 gold found on player Qi
1430 gold found on player Reek
1430 gold found on player Tara
1430 gold found on player Veirilli
1430 gold found on player Yaooxo
1430 gold found on player Zopormo
1440 gold found on player Anador
1440 gold found on player Blunderung
1440 gold found on player Bolunfa
1440 gold found on player Buddy
1440 gold found on player Caledon
1440 gold found on player Cayargo
1440 gold found on player Dadaaxa
1440 gold found on player Eldritch
1440 gold found on player Futunpa
1440 gold found on player Guteetu
1440 gold found on player Gypsy
1440 gold found on player Hazael
1440 gold found on player Hohadhi
1440 gold found on player Jacky
1440 gold found on player Jayarpa
1440 gold found on player Jellie
1440 gold found on player Jerdao
1440 gold found on player Josh
1440 gold found on player Keigo
1440 gold found on player Kon
1440 gold found on player Kord
1440 gold found on player Kronos
1440 gold found on player Krunks
1440 gold found on player Longstreet
1440 gold found on player Lothuial
1440 gold found on player Marsellus
1440 gold found on player Memnoch
1440 gold found on player Nancy
1440 gold found on player Norml
1440 gold found on player Settra
1440 gold found on player Skank
1440 gold found on player Viauha
1440 gold found on player Vieffka
1440 gold found on player Warbringer
1440 gold found on player Yipanga
1440 gold found on player Yngwie
1440 gold found on player Zenith
1449 gold found on player Victor
1451 gold found on player Goran
1467 gold found on player Zarabeth
1478 gold found on player Mishjr
1479 gold found on player Kwako
1484 gold found on player Denakhun
1500 gold found on player Beastie
1500 gold found on player Brazos
1500 gold found on player Cadunku
1500 gold found on player Dementia
1500 gold found on player Erkaara
1500 gold found on player Hylas
1500 gold found on player Kavusaen
1500 gold found on player Lenoob
1500 gold found on player Letigre
1500 gold found on player Taclobanon
1500 gold found on player Tantrum
1513 gold found on player Sidney
1520 gold found on player Hizzle
1524 gold found on player Matthew
1530 gold found on player Monra
1530 gold found on player Toboe
1532 gold found on player Avenga
1534 gold found on player Buenor
1540 gold found on player Bing
1540 gold found on player Devourer
1540 gold found on player Dsakjfas
1540 gold found on player Flumpy
1540 gold found on player Gangerl
1540 gold found on player Glydr
1540 gold found on player Grung
1540 gold found on player Jabonxi
1540 gold found on player Kneegrow
1540 gold found on player Linkg
1540 gold found on player Maciej
1540 gold found on player Maroonfive
1540 gold found on player Nyuu
1540 gold found on player Praetorean
1540 gold found on player Rawargo
1540 gold found on player Sucupbu
1540 gold found on player Swiftswift
1540 gold found on player Tangoon
1540 gold found on player West
1540 gold found on player Whoelse
1540 gold found on player Wook
1540 gold found on player Xaiibo
1540 gold found on player Yeroboem
1540 gold found on player Yewk
1540 gold found on player Younero
1559 gold found on player Farah
1560 gold found on player Carmenelectra
1560 gold found on player Cassias
1560 gold found on player Cell
1560 gold found on player Dani
1560 gold found on player Fallon
1560 gold found on player Icp
1560 gold found on player Mofaroo
1560 gold found on player Obie
1560 gold found on player Slevin
1560 gold found on player Thorg
1560 gold found on player Valaryi
1560 gold found on player Vyalmi
1560 gold found on player What
1564 gold found on player Alibaba
1575 gold found on player Lobo
1600 gold found on player Cavix
1600 gold found on player Drezlim
1600 gold found on player Innocent
1600 gold found on player Kaalso
1600 gold found on player Klara
1600 gold found on player Nevoc
1600 gold found on player Ordomelleus
1600 gold found on player Parrelles
1600 gold found on player Quasimoto
1600 gold found on player Stung
1600 gold found on player Udainius
1602 gold found on player Crazyimp
1604 gold found on player Kormien
1620 gold found on player Deharci
1620 gold found on player Nora
1620 gold found on player Zamargo
1650 gold found on player Asdf
1650 gold found on player Kyril
1650 gold found on player Moongloom
1650 gold found on player Tomdom
1650 gold found on player Xyprus
1650 gold found on player Zizapvo
1672 gold found on player Tamur
1680 gold found on player Chodaboytheaboriginy
1680 gold found on player Dagarab
1680 gold found on player Dude
1680 gold found on player Faylina
1680 gold found on player Grusom
1680 gold found on player Ilia
1680 gold found on player Jace
1680 gold found on player Killme
1680 gold found on player Kooroh
1680 gold found on player Masterdoku
1680 gold found on player Raivenmud
1680 gold found on player Revnance
1680 gold found on player Shady
1680 gold found on player Soulstealer
1680 gold found on player Vakal
1680 gold found on player Weeee
1680 gold found on player Zivgdak
1683 gold found on player Eufronio
1687 gold found on player Lulu
1700 gold found on player Cowk
1700 gold found on player Faranar
1700 gold found on player Gigzz
1700 gold found on player Izarti
1700 gold found on player Newplayer
1700 gold found on player Rellik
1700 gold found on player Shimpfriedrice
1700 gold found on player Sorami
1700 gold found on player Vescer
1700 gold found on player Xandar
1710 gold found on player Chodaboy
1760 gold found on player Antigo
1760 gold found on player Benson
1760 gold found on player Biggerbuddy
1760 gold found on player Blank
1760 gold found on player Boperva
1760 gold found on player Darsyth
1760 gold found on player Erforso
1760 gold found on player Erunsu
1760 gold found on player Haveren
1760 gold found on player Kizeeno
1760 gold found on player Static
1773 gold found on player Bliss
1776 gold found on player Pick
1798 gold found on player Medea
1800 gold found on player Baal
1800 gold found on player Cammy
1800 gold found on player Ikarusamethystferrix
1800 gold found on player Jeff
1800 gold found on player Lessbe
1800 gold found on player Merrick
1800 gold found on player Nofarxi
1800 gold found on player Qal
1800 gold found on player Remorse
1800 gold found on player Segueway
1800 gold found on player Tiberius
1835 gold found on player Slash
1850 gold found on player Legless
1870 gold found on player Leic
1870 gold found on player Nirknot
1870 gold found on player Runamuck
1870 gold found on player Tarnak
1874 gold found on player Telos
1900 gold found on player Mira
1902 gold found on player Bayne
1920 gold found on player Furanpo
1920 gold found on player Geebas
1920 gold found on player Guunna
1920 gold found on player Hekjor
1920 gold found on player Jaih
1920 gold found on player Kalolapa
1920 gold found on player Madeleine
1920 gold found on player Maliki
1920 gold found on player Mikeal
1920 gold found on player Olak
1920 gold found on player Payton
1920 gold found on player Sithik
1920 gold found on player South
1920 gold found on player Sticks
1928 gold found on player Lorindel
1929 gold found on player Urashima
1946 gold found on player Slaek
1951 gold found on player Alhazzi
1966 gold found on player Ina
1980 gold found on player Ashienne
2005 gold found on player Quirt
2013 gold found on player Snafu
2027 gold found on player Dungherder
2034 gold found on player Bauchan
2039 gold found on player Plok
2040 gold found on player Hugo
2040 gold found on player Koyarsa
2040 gold found on player Mysan
2040 gold found on player Qui
2040 gold found on player Rayven
2040 gold found on player Save
2040 gold found on player Schwartzchode
2040 gold found on player Serces
2090 gold found on player Ericchjr
2160 gold found on player Ikarustest
2171 gold found on player Belladonna
2186 gold found on player Mixon
2320 gold found on player Kalijin
2381 gold found on player Garfield
2406 gold found on player Someus
2409 gold found on player Crashtestdummy
2447 gold found on player Kranus
2505 gold found on player Leto
2545 gold found on player Sklave
2579 gold found on player Errol
2581 gold found on player Wanda
2608 gold found on player Imran
2614 gold found on player Faraday
2640 gold found on player Sarguspitchfork
2649 gold found on player Fayrohse
2724 gold found on player Eva
2730 gold found on player Twar
2734 gold found on player Xern
2746 gold found on player Stinker
2770 gold found on player Shred
2825 gold found on player Zanken
2836 gold found on player Nathinian
2857 gold found on player Tonza
2865 gold found on player Quinderella
2919 gold found on player Juniper
2927 gold found on player Tornapart
2937 gold found on player Gommy
2983 gold found on player Traken
3000 gold found on player Unreal
3158 gold found on player Sylvestris
3162 gold found on player Simurgh
3234 gold found on player Dysexlic
3248 gold found on player Grug
3288 gold found on player Timba
3296 gold found on player Willa
3302 gold found on player Jimbone
3464 gold found on player Alduin
3506 gold found on player Nymex
3539 gold found on player Omar
3572 gold found on player Bunny
3826 gold found on player Nebulous
3860 gold found on player Hama
3959 gold found on player Nike
4115 gold found on player Dudefather
4135 gold found on player Ginger
4208 gold found on player Nyuk
4266 gold found on player Fritz
4286 gold found on player Grail
4342 gold found on player Ratchet
4392 gold found on player Boz
4580 gold found on player Colar
4645 gold found on player Bulwark
4784 gold found on player Sanoth
4826 gold found on player Boheefusjr
4987 gold found on player Peligro
5074 gold found on player Malevolentjr
5132 gold found on player Phegan
5336 gold found on player Abagnale
5527 gold found on player Guinness
5555 gold found on player Roknar
5613 gold found on player Tosco
5699 gold found on player Gehioghieoahiogeaohi
6037 gold found on player Xero
6156 gold found on player Whodere
6208 gold found on player Scourge
6257 gold found on player Bookstabber
6401 gold found on player Takillya
6429 gold found on player Amaran
6429 gold found on player Gokol
6706 gold found on player Carnage
6809 gold found on player Mishra
6897 gold found on player Draac
6954 gold found on player Swag
7037 gold found on player Boxxy
7090 gold found on player Volkolm
7229 gold found on player Bohr
7274 gold found on player Sharptooth
7384 gold found on player Rasta
7417 gold found on player Zenark
7475 gold found on player Boreas
7543 gold found on player Hien
7719 gold found on player Kierdan
7811 gold found on player Toxic
7866 gold found on player Ceryni
7942 gold found on player Isilra
7964 gold found on player Slew
8054 gold found on player Gimley
8115 gold found on player Lewthore
8264 gold found on player Ghost
8311 gold found on player Mondini
8378 gold found on player Bombadil
8379 gold found on player Morifray
8473 gold found on player Drats
8477 gold found on player Jammin
8634 gold found on player Seraphina
8700 gold found on player Yuul
8869 gold found on player Kreol
8954 gold found on player Buggsy
9000 gold found on player Epoch
9116 gold found on player Thorgrim
9191 gold found on player Norm
9214 gold found on player Otus
9617 gold found on player Edrick
9656 gold found on player Solyn
9748 gold found on player Urijah
9826 gold found on player Glormnock
10251 gold found on player Daboz
10522 gold found on player Vonster
10629 gold found on player Marit
10648 gold found on player Nadal
10665 gold found on player Meisha
10779 gold found on player Walleyedwanda
10913 gold found on player Told
11150 gold found on player Stumpy
11313 gold found on player Zombilified
11651 gold found on player Maddison
11837 gold found on player Bloodshot
12213 gold found on player Thalon
12514 gold found on player Orob
12944 gold found on player Inertiac
13040 gold found on player Warsword
13201 gold found on player Luke
13248 gold found on player Jashek
13333 gold found on player Scrubahaul
13483 gold found on player Smoker
14177 gold found on player Saltbeard
14278 gold found on player Selfdisgust
14405 gold found on player Dho
14507 gold found on player Ti
14824 gold found on player Lejour
14912 gold found on player Storm
14927 gold found on player Talis
15074 gold found on player Dread
15204 gold found on player Khrac
15469 gold found on player Dulgaq
15603 gold found on player Trogdor
15833 gold found on player Thrust
15977 gold found on player Jico
16180 gold found on player Cargo
16230 gold found on player Knocks
16346 gold found on player Zark
16441 gold found on player Ares
16754 gold found on player Belladona
17001 gold found on player Maulkiin
17074 gold found on player Darkhunter
17623 gold found on player Bilbo
17717 gold found on player Kwarg
17834 gold found on player Saibot
17931 gold found on player Mech
17975 gold found on player Delhomme
18117 gold found on player Drego
18230 gold found on player Vile
18540 gold found on player Salus
18548 gold found on player Calgir
18822 gold found on player Mysty
18839 gold found on player Ashura
19609 gold found on player Kagwang
19786 gold found on player Exxonvaldez
19808 gold found on player Crysania
19838 gold found on player Grub
19889 gold found on player Rosco
19999 gold found on player Phu
20049 gold found on player Korgrath
20271 gold found on player Dargur
20388 gold found on player Excero
20488 gold found on player George
20595 gold found on player Ralen
20640 gold found on player Kryke
20861 gold found on player Joki
20863 gold found on player Ganjazz
21111 gold found on player Dalton
21316 gold found on player Hardstyle
21400 gold found on player Buck
22020 gold found on player Wushu
22270 gold found on player Jeehaw
22380 gold found on player Lucky
23221 gold found on player Eli
23325 gold found on player Glint
23333 gold found on player Smither
23544 gold found on player Ethereal
23733 gold found on player Guest
24070 gold found on player Lota
24083 gold found on player Edmond
24122 gold found on player Gandelf
24192 gold found on player Eggnog
24232 gold found on player Draconis
24247 gold found on player Larentril
24408 gold found on player Elisabeth
24489 gold found on player Azrael
25034 gold found on player Barang
25063 gold found on player Puffmuck
25081 gold found on player Toxin
25271 gold found on player Dakkon
25341 gold found on player Khorovan
25480 gold found on player Nekros
25506 gold found on player Mickity
25545 gold found on player Junnun
25600 gold found on player Zyenghi
25726 gold found on player Denarius
25748 gold found on player Lofen
25776 gold found on player Nekrogoblicon
25804 gold found on player Gamma
25862 gold found on player Gomez
25960 gold found on player Chrono
25963 gold found on player Chooken
26223 gold found on player Machwicce
26412 gold found on player Tymast
26680 gold found on player Eski
26802 gold found on player Aryx
26811 gold found on player Phantom
26936 gold found on player Alshara
27118 gold found on player Mystik
27164 gold found on player Osiris
27747 gold found on player Smoug
27895 gold found on player Psirous
28052 gold found on player Maethlin
28395 gold found on player Flintstone
28492 gold found on player Syntax
28551 gold found on player Milkweed
28869 gold found on player Galadriel
29303 gold found on player Aiman
29588 gold found on player Cereal
30015 gold found on player Hello
30058 gold found on player Nightbane
30076 gold found on player Raine
30629 gold found on player Brainscan
30677 gold found on player Aeslynn
30729 gold found on player Naxium
30842 gold found on player Asako
30850 gold found on player Rakgul
31080 gold found on player Victorious
31144 gold found on player Grimtor
31200 gold found on player Jorgen
31227 gold found on player Djadadji
31300 gold found on player Kault
31319 gold found on player Grinderman
31320 gold found on player Vanity
31661 gold found on player Korgroth
31677 gold found on player Joon
31834 gold found on player Dante
31964 gold found on player Fugu
32040 gold found on player Badger
32043 gold found on player Jenos
32177 gold found on player Astis
32872 gold found on player Crowe
33474 gold found on player Vidocq
33638 gold found on player Insom
33677 gold found on player Letecia
33798 gold found on player Ahn
34383 gold found on player Surgio
34405 gold found on player Feng
34818 gold found on player Doctor
34929 gold found on player Kapre
34983 gold found on player Ganja
34999 gold found on player Shion
35000 gold found on player Drusilla
35073 gold found on player Bird
35120 gold found on player Loopy
35194 gold found on player Kalar
35287 gold found on player Changtzu
35332 gold found on player Dundango
35709 gold found on player Twiggitha
36076 gold found on player Neo
36274 gold found on player Ceiran
36282 gold found on player Gowen
37767 gold found on player Norak
38388 gold found on player Sado
38574 gold found on player Regdar
38767 gold found on player Admiral
39116 gold found on player Ieo
39696 gold found on player Bajok
39961 gold found on player Fafnir
40473 gold found on player Pain
40665 gold found on player Crassus
41360 gold found on player Saligia
41812 gold found on player Sabbath
41860 gold found on player Tiki
42742 gold found on player Ohm
42962 gold found on player Jeremiah
43500 gold found on player Frobil
43608 gold found on player Rain
43722 gold found on player Chronoskai
44169 gold found on player Stormbringer
44361 gold found on player Sanctus
44537 gold found on player Nymph
44584 gold found on player Mortarius
45327 gold found on player Toland
45875 gold found on player Insyu
46383 gold found on player Konrad
46677 gold found on player Bosco
46791 gold found on player Kennedy
47000 gold found on player Alandra
47002 gold found on player Warren
47299 gold found on player Cmos
47535 gold found on player Lolota
47862 gold found on player Dare
48160 gold found on player Dastan
48495 gold found on player Lal
48514 gold found on player Hulk
49034 gold found on player Chloris
49110 gold found on player Pamplemousse
49268 gold found on player Materia
49982 gold found on player Blawk
49982 gold found on player Taka
50000 gold found on player Ace
50000 gold found on player Fae
50000 gold found on player Gimpy
50000 gold found on player Gossamer
50000 gold found on player Grendel
50000 gold found on player Jk
50000 gold found on player Martini
50000 gold found on player Needle
50000 gold found on player Rikku
50000 gold found on player Ruhn
50000 gold found on player Sabre
50000 gold found on player Sorvan
50000 gold found on player Trojan
50000 gold found on player Waldo
50012 gold found on player Prediction
50020 gold found on player Baldur
50062 gold found on player Skarlet
50115 gold found on player Yagrouy
50440 gold found on player Peekaboo
50630 gold found on player Tutt
50643 gold found on player Goliath
50945 gold found on player Krystal
50952 gold found on player Alastor
51023 gold found on player Hiroshi
51080 gold found on player Valashune
51490 gold found on player Farpaw
51602 gold found on player Zorid
51624 gold found on player Cooser
51928 gold found on player Stryder
52501 gold found on player Wurpid
52543 gold found on player Bingobill
52821 gold found on player Askal
53294 gold found on player Pooh
53321 gold found on player Tordek
53531 gold found on player Erich
53642 gold found on player Kiddo
54104 gold found on player Ardnor
54798 gold found on player Trina
54808 gold found on player Shadorn
55217 gold found on player Unferth
55434 gold found on player Oni
55445 gold found on player Hawtheals
55509 gold found on player Ralph
56209 gold found on player Socrates
56463 gold found on player Simralyn
56527 gold found on player Jarius
56805 gold found on player Cog
57422 gold found on player Lusipher
57881 gold found on player Deasmer
58000 gold found on player Donar
58034 gold found on player Blackwidow
58044 gold found on player Genju
59138 gold found on player Simeon
59601 gold found on player Rojo
59850 gold found on player Kryte
59900 gold found on player Darwin
60160 gold found on player Ezekiel
60275 gold found on player Satchel
61520 gold found on player Ragfluw
62507 gold found on player Kenji
62715 gold found on player Yrch
62728 gold found on player Belisarius
63086 gold found on player Misty
64179 gold found on player Frug
64494 gold found on player Vito
64707 gold found on player Hecate
64747 gold found on player Languagediva
64924 gold found on player Trona
65098 gold found on player Zax
65682 gold found on player Eda
66337 gold found on player River
66663 gold found on player Mystyk
67118 gold found on player Hans
67766 gold found on player Jeshun
68074 gold found on player Quasi
68846 gold found on player Stentor
69007 gold found on player Fistous
69419 gold found on player Felicia
69465 gold found on player Valar
69681 gold found on player Xon
70000 gold found on player Amida
70960 gold found on player Tinky
71800 gold found on player Snape
72209 gold found on player Karobot
72588 gold found on player Vinny
73615 gold found on player Omnius
74193 gold found on player Ferriea
74860 gold found on player Styx
75000 gold found on player Kaden
75000 gold found on player Serban
75181 gold found on player Zorro
75601 gold found on player Redik
75774 gold found on player Batman
75877 gold found on player Unrealstompy
76371 gold found on player Rigor
76565 gold found on player Morgoth
77032 gold found on player Ultima
77460 gold found on player Siegfried
77817 gold found on player Xin
78376 gold found on player Shorty
78960 gold found on player Aerith
79587 gold found on player Clownz
80752 gold found on player Snatch
80924 gold found on player Osirin
82111 gold found on player Laslo
82465 gold found on player Schakhar
83271 gold found on player Slith
83399 gold found on player Jabari
84107 gold found on player Juna
84160 gold found on player Dragonoid
84382 gold found on player Dionysus
84451 gold found on player Draken
84567 gold found on player Sifreef
85875 gold found on player Mona
85876 gold found on player Galdrin
85907 gold found on player Barbara
86060 gold found on player Malus
86662 gold found on player Perrin
88271 gold found on player Teclis
88540 gold found on player Shade
88635 gold found on player Ortho
89638 gold found on player Miller
89860 gold found on player Mourning
89929 gold found on player Teik
90417 gold found on player Swampfox
90717 gold found on player Hadriel
90861 gold found on player Kyle
90930 gold found on player Onslaught
91513 gold found on player Lyre
92476 gold found on player Sarok
92533 gold found on player Lane
93000 gold found on player Quack
93400 gold found on player Amelie
94442 gold found on player Beorn
94450 gold found on player Aladmhlaal
95521 gold found on player Elweena
95567 gold found on player Caombihn
95572 gold found on player Abraham
96275 gold found on player Corbin
96604 gold found on player Jalek
96844 gold found on player Waz
96900 gold found on player Shadow
97128 gold found on player Vine
97474 gold found on player Orcan
97635 gold found on player Kelly
98319 gold found on player Grond
99247 gold found on player Bile
99299 gold found on player Somoene
99360 gold found on player Tronic
99501 gold found on player Calix
99729 gold found on player Avernus
99850 gold found on player Banjo
99850 gold found on player Scarlet
99861 gold found on player Hermos
99861 gold found on player Kane
99896 gold found on player Killian
99954 gold found on player Yokar
99958 gold found on player Oliver
99964 gold found on player Aralin
99964 gold found on player Talion
99966 gold found on player Rauin
99986 gold found on player Zhog
99988 gold found on player Despise
100000 gold found on player Abyssal
100000 gold found on player Achilles
100000 gold found on player Achios
100000 gold found on player Adathi
100000 gold found on player Aethis
100000 gold found on player Akitara
100000 gold found on player Akroma
100000 gold found on player Akuma
100000 gold found on player Alandria
100000 gold found on player Albion
100000 gold found on player Albright
100000 gold found on player Ali
100000 gold found on player Amaris
100000 gold found on player Ambrose
100000 gold found on player Amore
100000 gold found on player Andronicus
100000 gold found on player Aparador
100000 gold found on player Aphrodite
100000 gold found on player April
100000 gold found on player Ari
100000 gold found on player Arrakissey
100000 gold found on player Arthouros
100000 gold found on player Asandir
100000 gold found on player Asher
100000 gold found on player Asmodius
100000 gold found on player Aster
100000 gold found on player Astos
100000 gold found on player Athanatos
100000 gold found on player Attrition
100000 gold found on player Austin
100000 gold found on player Autumn
100000 gold found on player Avenger
100000 gold found on player Axeroareq
100000 gold found on player Axhind
100000 gold found on player Azala
100000 gold found on player Azragore
100000 gold found on player Baaltester
100000 gold found on player Bada
100000 gold found on player Balaam
100000 gold found on player Banrick
100000 gold found on player Barret
100000 gold found on player Baxter
100000 gold found on player Bela
100000 gold found on player Beld
100000 gold found on player Bellekira
100000 gold found on player Bishop
100000 gold found on player Blackburn
100000 gold found on player Blasphemy
100000 gold found on player Blaster
100000 gold found on player Blight
100000 gold found on player Bloodsmear
100000 gold found on player Bodega
100000 gold found on player Borlog
100000 gold found on player Bosch
100000 gold found on player Brakliss
100000 gold found on player Bralnok
100000 gold found on player Bran
100000 gold found on player Brekke
100000 gold found on player Brenan
100000 gold found on player Brother
100000 gold found on player Brownie
100000 gold found on player Bud
100000 gold found on player Buswell
100000 gold found on player Cable
100000 gold found on player Cadrae
100000 gold found on player Calatan
100000 gold found on player Caliquendi
100000 gold found on player Cancun
100000 gold found on player Casca
100000 gold found on player Caspian
100000 gold found on player Catheri
100000 gold found on player Cato
100000 gold found on player Cazzona
100000 gold found on player Ceron
100000 gold found on player Chade
100000 gold found on player Cirelc
100000 gold found on player Cobrak
100000 gold found on player Cocoa
100000 gold found on player Commodus
100000 gold found on player Conquest
100000 gold found on player Corellon
100000 gold found on player Corigan
100000 gold found on player Cosette
100000 gold found on player Cottonfoot
100000 gold found on player Covert
100000 gold found on player Creature
100000 gold found on player Crullen
100000 gold found on player Cryptic
100000 gold found on player Cthrag
100000 gold found on player Cyax
100000 gold found on player Cynid
100000 gold found on player Cyriadis
100000 gold found on player Daegar
100000 gold found on player Daemons
100000 gold found on player Daeri
100000 gold found on player Daermon
100000 gold found on player Daeryn
100000 gold found on player Daimon
100000 gold found on player Damas
100000 gold found on player Damos
100000 gold found on player Dan
100000 gold found on player Danuren
100000 gold found on player Darctones
100000 gold found on player Darkblade
100000 gold found on player Darkcloud
100000 gold found on player Darktooth
100000 gold found on player Daryth
100000 gold found on player Dawn
100000 gold found on player Daz
100000 gold found on player Deadagain
100000 gold found on player Deep
100000 gold found on player Deloth
100000 gold found on player Delphi
100000 gold found on player Depth
100000 gold found on player Destiny
100000 gold found on player Dev
100000 gold found on player Diemos
100000 gold found on player Dinero
100000 gold found on player Dire
100000 gold found on player Dmitri
100000 gold found on player Doc
100000 gold found on player Doey
100000 gold found on player Dolan
100000 gold found on player Dominion
100000 gold found on player Donkey
100000 gold found on player Dopy
100000 gold found on player Doru
100000 gold found on player Doyle
100000 gold found on player Dragonball
100000 gold found on player Dragos
100000 gold found on player Drake
100000 gold found on player Dranyam
100000 gold found on player Dridoc
100000 gold found on player Duel
100000 gold found on player Dunn
100000 gold found on player Durham
100000 gold found on player Eff
100000 gold found on player Eilistraee
100000 gold found on player Ekera
100000 gold found on player Ekhben
100000 gold found on player Elizabet
100000 gold found on player Elja
100000 gold found on player Elmo
100000 gold found on player Emory
100000 gold found on player Enchanter
100000 gold found on player Eomer
100000 gold found on player Ephrata
100000 gold found on player Equinox
100000 gold found on player Estelwyn
100000 gold found on player Ester
100000 gold found on player Eurobiscuit
100000 gold found on player Evarc
100000 gold found on player Ewan
100000 gold found on player Exile
100000 gold found on player Exiztenz
100000 gold found on player Farore
100000 gold found on player Febre
100000 gold found on player Fell
100000 gold found on player Fernando
100000 gold found on player Fili
100000 gold found on player Filic
100000 gold found on player Firewalker
100000 gold found on player Flynn
100000 gold found on player Fozzy
100000 gold found on player Fret
100000 gold found on player Frode
100000 gold found on player Fuse
100000 gold found on player Gante
100000 gold found on player Garda
100000 gold found on player Garrick
100000 gold found on player Gau
100000 gold found on player Geko
100000 gold found on player Ghostly
100000 gold found on player Giggles
100000 gold found on player Gluthgukk
100000 gold found on player Goonie
100000 gold found on player Gorokan
100000 gold found on player Gorrt
100000 gold found on player Goshin
100000 gold found on player Goto
100000 gold found on player Grathar
100000 gold found on player Grimniir
100000 gold found on player Grom
100000 gold found on player Growlithe
100000 gold found on player Gunthar
100000 gold found on player Gyumao
100000 gold found on player Haelwyn
100000 gold found on player Hagen
100000 gold found on player Hammerfall
100000 gold found on player Hanna
100000 gold found on player Haruko
100000 gold found on player Harum
100000 gold found on player Hattori
100000 gold found on player Hawklord
100000 gold found on player Helfore
100000 gold found on player Herne
100000 gold found on player Herzog
100000 gold found on player Hex
100000 gold found on player Hezekiah
100000 gold found on player Hobbes
100000 gold found on player Holding
100000 gold found on player Horde
100000 gold found on player Howl
100000 gold found on player Huge
100000 gold found on player Hun
100000 gold found on player Hunter
100000 gold found on player Hunterkiller
100000 gold found on player Hurt
100000 gold found on player Hype
100000 gold found on player Iago
100000 gold found on player Iffrit
100000 gold found on player Igosha
100000 gold found on player Ijiwaru
100000 gold found on player Ike
100000 gold found on player India
100000 gold found on player Infenet
100000 gold found on player Infidel
100000 gold found on player Infinity
100000 gold found on player Invisible
100000 gold found on player Iona
100000 gold found on player Ipsissimus
100000 gold found on player Ironwolf
100000 gold found on player Isenhart
100000 gold found on player Izuel
100000 gold found on player Janthalanus
100000 gold found on player Janus
100000 gold found on player Jaraxle
100000 gold found on player Jaxom
100000 gold found on player Jedi
100000 gold found on player Jerick
100000 gold found on player Jerome
100000 gold found on player Jeru
100000 gold found on player Jhonas
100000 gold found on player Jinxie
100000 gold found on player Joey
100000 gold found on player Joshien
100000 gold found on player Juggler
100000 gold found on player Jugotai
100000 gold found on player Juliet
100000 gold found on player June
100000 gold found on player Juno
100000 gold found on player Kaadyr
100000 gold found on player Kagin
100000 gold found on player Kajin
100000 gold found on player Kalagar
100000 gold found on player Kalfu
100000 gold found on player Kalo
100000 gold found on player Kannah
100000 gold found on player Karlyne
100000 gold found on player Katana
100000 gold found on player Katra
100000 gold found on player Kazumi
100000 gold found on player Keira
100000 gold found on player Kellik
100000 gold found on player Kelx
100000 gold found on player Kementari
100000 gold found on player Kemystie
100000 gold found on player Kenchiro
100000 gold found on player Kenfiddich
100000 gold found on player Kenmalich
100000 gold found on player Kenputit
100000 gold found on player Kenshi
100000 gold found on player Kerwyn
100000 gold found on player Khalor
100000 gold found on player Khelban
100000 gold found on player Khepera
100000 gold found on player Kiff
100000 gold found on player Kilmoor
100000 gold found on player Kipokis
100000 gold found on player Kirianna
100000 gold found on player Kirran
100000 gold found on player Kitianna
100000 gold found on player Knuckles
100000 gold found on player Kold
100000 gold found on player Korendir
100000 gold found on player Kost
100000 gold found on player Koult
100000 gold found on player Krass
100000 gold found on player Krishna
100000 gold found on player Kryton
100000 gold found on player Kulit
100000 gold found on player Kunbe
100000 gold found on player Kylin
100000 gold found on player Kzak
100000 gold found on player Lacerda
100000 gold found on player Lagasee
100000 gold found on player Laila
100000 gold found on player Larken
100000 gold found on player Lars
100000 gold found on player Laz
100000 gold found on player Leea
100000 gold found on player Legalos
100000 gold found on player Leggo
100000 gold found on player Legion
100000 gold found on player Lei
100000 gold found on player Leif
100000 gold found on player Lejard
100000 gold found on player Lejes
100000 gold found on player Lener
100000 gold found on player Levity
100000 gold found on player Levon
100000 gold found on player Lews
100000 gold found on player Lexx
100000 gold found on player Lilli
100000 gold found on player Llorendok
100000 gold found on player Locker
100000 gold found on player Logan
100000 gold found on player Lohiro
100000 gold found on player Loki
100000 gold found on player Lord
100000 gold found on player Lorden
100000 gold found on player Lothiriel
100000 gold found on player Loupe
100000 gold found on player Lucas
100000 gold found on player Lucianna
100000 gold found on player Ludack
100000 gold found on player Mabelode
100000 gold found on player Macabre
100000 gold found on player Madison
100000 gold found on player Maelstorm
100000 gold found on player Mafia
100000 gold found on player Magensha
100000 gold found on player Mageta
100000 gold found on player Maglore
100000 gold found on player Malacar
100000 gold found on player Malchiah
100000 gold found on player Mantis
100000 gold found on player Marley
100000 gold found on player Marok
100000 gold found on player Marsayas
100000 gold found on player Masque
100000 gold found on player Matrox
100000 gold found on player Maul
100000 gold found on player Maxx
100000 gold found on player Maydrin
100000 gold found on player Medivh
100000 gold found on player Memphis
100000 gold found on player Mephistopholes
100000 gold found on player Meredith
100000 gold found on player Merik
100000 gold found on player Merlin
100000 gold found on player Meth
100000 gold found on player Micdragon
100000 gold found on player Milliardo
100000 gold found on player Minion
100000 gold found on player Minos
100000 gold found on player Misery
100000 gold found on player Mishakal
100000 gold found on player Mith
100000 gold found on player Mithros
100000 gold found on player Mitsurugi
100000 gold found on player Mobile
100000 gold found on player Moose
100000 gold found on player Mordecai
100000 gold found on player Mordeth
100000 gold found on player Morgana
100000 gold found on player Morris
100000 gold found on player Mort
100000 gold found on player Mudcat
100000 gold found on player Mystique
100000 gold found on player Naakt
100000 gold found on player Nabilac
100000 gold found on player Nain
100000 gold found on player Nakor
100000 gold found on player Namu
100000 gold found on player Nargoth
100000 gold found on player Narya
100000 gold found on player Natalya
100000 gold found on player Natas
100000 gold found on player Nathalia
100000 gold found on player Nautillus
100000 gold found on player Nayday
100000 gold found on player Nayr
100000 gold found on player Nebin
100000 gold found on player Necrotesties
100000 gold found on player Neltharion
100000 gold found on player Nereus
100000 gold found on player Nevar
100000 gold found on player Nil
100000 gold found on player Ninky
100000 gold found on player Nogneer
100000 gold found on player Noodle
100000 gold found on player Norbe
100000 gold found on player Norda
100000 gold found on player Numa
100000 gold found on player Nyarlathotep
100000 gold found on player Nysha
100000 gold found on player Nysmo
100000 gold found on player Oamu
100000 gold found on player Ocean
100000 gold found on player Ocrin
100000 gold found on player Odysseus
100000 gold found on player Og
100000 gold found on player Ogami
100000 gold found on player Ogguk
100000 gold found on player Okage
100000 gold found on player Oongaboonga
100000 gold found on player Orlock
100000 gold found on player Oryn
100000 gold found on player Ostar
100000 gold found on player Owned
100000 gold found on player Oxqua
100000 gold found on player Palm
100000 gold found on player Pan
100000 gold found on player Panis
100000 gold found on player Pantheon
100000 gold found on player Panzer
100000 gold found on player Parn
100000 gold found on player Pathos
100000 gold found on player Peaceman
100000 gold found on player Pesi
100000 gold found on player Peso
100000 gold found on player Pethin
100000 gold found on player Pfil
100000 gold found on player Pharaun
100000 gold found on player Piemur
100000 gold found on player Potot
100000 gold found on player Precision
100000 gold found on player Priam
100000 gold found on player Priest
100000 gold found on player Priscilla
100000 gold found on player Promedeus
100000 gold found on player Psian
100000 gold found on player Psyche
100000 gold found on player Puc
100000 gold found on player Puck
100000 gold found on player Purity
100000 gold found on player Pwent
100000 gold found on player Pyrokar
100000 gold found on player Qaz
100000 gold found on player Quaker
100000 gold found on player Quindos
100000 gold found on player Quith
100000 gold found on player Quiverone
100000 gold found on player Quiverthree
100000 gold found on player Quiverthreee
100000 gold found on player Quivertwo
100000 gold found on player Raecyn
100000 gold found on player Raiga
100000 gold found on player Raistlin
100000 gold found on player Rajin
100000 gold found on player Rand
100000 gold found on player Rashiel
100000 gold found on player Rayne
100000 gold found on player Raze
100000 gold found on player Rekar
100000 gold found on player Repulse
100000 gold found on player Resin
100000 gold found on player Revo
100000 gold found on player Reyn
100000 gold found on player Riposte
100000 gold found on player Ritar
100000 gold found on player Riven
100000 gold found on player Rizzah
100000 gold found on player Roaz
100000 gold found on player Rokku
100000 gold found on player Rolan
100000 gold found on player Roland
100000 gold found on player Roper
100000 gold found on player Rowla
100000 gold found on player Rush
100000 gold found on player Rut
100000 gold found on player Ryden
100000 gold found on player Rydian
100000 gold found on player Rylyr
100000 gold found on player Safehaven
100000 gold found on player Saffron
100000 gold found on player Sako
100000 gold found on player Saluvan
100000 gold found on player Sambar
100000 gold found on player Sandstone
100000 gold found on player Saracen
100000 gold found on player Saria
100000 gold found on player Sarzek
100000 gold found on player Sataran
100000 gold found on player Saurus
100000 gold found on player Scottie
100000 gold found on player Seacen
100000 gold found on player Seller
100000 gold found on player Serpico
100000 gold found on player Shad
100000 gold found on player Shadowmyst
100000 gold found on player Shadows
100000 gold found on player Shaft
100000 gold found on player Shannon
100000 gold found on player Shaw
100000 gold found on player Shaydee
100000 gold found on player Shell
100000 gold found on player Shidoshi
100000 gold found on player Shifty
100000 gold found on player Shijima
100000 gold found on player Shrewsbury
100000 gold found on player Shrike
100000 gold found on player Siado
100000 gold found on player Sig
100000 gold found on player Sikarivah
100000 gold found on player Silenius
100000 gold found on player Siltar
100000 gold found on player Silvon
100000 gold found on player Sinister
100000 gold found on player Skape
100000 gold found on player Skaun
100000 gold found on player Skrape
100000 gold found on player Skummy
100000 gold found on player Smaug
100000 gold found on player Smith
100000 gold found on player Sorin
100000 gold found on player Sparta
100000 gold found on player Splice
100000 gold found on player Squam
100000 gold found on player Squash
100000 gold found on player Squee
100000 gold found on player Squinty
100000 gold found on player Starlight
100000 gold found on player Stryfe
100000 gold found on player Subtle
100000 gold found on player Sugwak
100000 gold found on player Svelt
100000 gold found on player Syd
100000 gold found on player Sylvanus
100000 gold found on player Takata
100000 gold found on player Talison
100000 gold found on player Tanooki
100000 gold found on player Tanya
100000 gold found on player Tariq
100000 gold found on player Tarru
100000 gold found on player Tarva
100000 gold found on player Taxet
100000 gold found on player Templar
100000 gold found on player Tephanis
100000 gold found on player Terrum
100000 gold found on player Thaddeus
100000 gold found on player Therapy
100000 gold found on player Thi
100000 gold found on player Thibbledorf
100000 gold found on player Thump
100000 gold found on player Tinkerbelle
100000 gold found on player Tirn
100000 gold found on player Tiss
100000 gold found on player Tj
100000 gold found on player Torq
100000 gold found on player Torx
100000 gold found on player Trialmix
100000 gold found on player Troja
100000 gold found on player Turel
100000 gold found on player Turismo
100000 gold found on player Turtilus
100000 gold found on player Tweak
100000 gold found on player Tyne
100000 gold found on player Tyyrant
100000 gold found on player Tzat
100000 gold found on player Undead
100000 gold found on player Uswold
100000 gold found on player Vaeelar
100000 gold found on player Valborg
100000 gold found on player Valimir
100000 gold found on player Valkrius
100000 gold found on player Vay
100000 gold found on player Verfall
100000 gold found on player Vesper
100000 gold found on player Vgar
100000 gold found on player Vhaerun
100000 gold found on player Vicious
100000 gold found on player Viola
100000 gold found on player Violet
100000 gold found on player Vogor
100000 gold found on player Voldermort
100000 gold found on player Voodoo
100000 gold found on player Vulpine
100000 gold found on player Vyenii
100000 gold found on player Wagnard
100000 gold found on player Walcanar
100000 gold found on player Warchild
100000 gold found on player Warehouse
100000 gold found on player Wayllorn
100000 gold found on player Wazoo
100000 gold found on player Whelahan
100000 gold found on player Winter
100000 gold found on player Wishtar
100000 gold found on player Wong
100000 gold found on player Wylaryn
100000 gold found on player Xalnoth
100000 gold found on player Xenia
100000 gold found on player Xiang
100000 gold found on player Xurd
100000 gold found on player Xyrus
100000 gold found on player Xythin
100000 gold found on player Yagna
100000 gold found on player Yesen
100000 gold found on player Yill
100000 gold found on player Yodel
100000 gold found on player Zain
100000 gold found on player Zake
100000 gold found on player Zant
100000 gold found on player Zanthar
100000 gold found on player Zarcon
100000 gold found on player Zarla
100000 gold found on player Zarn
100000 gold found on player Zebub
100000 gold found on player Zed
100000 gold found on player Zelda
100000 gold found on player Zemx
100000 gold found on player Zen
100000 gold found on player Zenel
100000 gold found on player Zeny
100000 gold found on player Zeppelin
100000 gold found on player Zex
100000 gold found on player Zharlam
100000 gold found on player Zhor
100000 gold found on player Ziarre
100000 gold found on player Zim
100000 gold found on player Zombielord
100000 gold found on player Zookbur
100000 gold found on player Zore
100000 gold found on player Zuller
100000 gold found on player Zwiq
100003 gold found on player Bigmeancow
100004 gold found on player Goten
100004 gold found on player Ziif
100008 gold found on player Aerlin
100015 gold found on player Cache
100045 gold found on player Who
100050 gold found on player Tatyana
100054 gold found on player Enklechewer
100060 gold found on player Vince
100078 gold found on player Zeke
100118 gold found on player Krave
100127 gold found on player Cirrh
100207 gold found on player Kyli
100921 gold found on player Adrenachrome
101345 gold found on player Platinum
101543 gold found on player Karakus
102286 gold found on player Darkmatter
102683 gold found on player Nercophyle
103030 gold found on player Cloud
104106 gold found on player Siafu
105100 gold found on player Kalio
105914 gold found on player Chrisbo
106014 gold found on player Zahn
107649 gold found on player Philiac
108056 gold found on player Styla
108351 gold found on player Romeo
109006 gold found on player Wink
110128 gold found on player Balthbeorn
111521 gold found on player Charon
112796 gold found on player Nohs
113911 gold found on player Bretana
114924 gold found on player Calak
115336 gold found on player Shilo
116710 gold found on player Tusundi
117016 gold found on player Bloodaxe
117068 gold found on player Entropy
118333 gold found on player Lugusi
118584 gold found on player Baker
121309 gold found on player Pedro
121386 gold found on player Sicarius
121592 gold found on player Brazmasu
121841 gold found on player Istong
122384 gold found on player Iandak
123763 gold found on player Dhask
125814 gold found on player Misfit
127500 gold found on player Beldin
127971 gold found on player Yofune
130423 gold found on player Rhett
131826 gold found on player Sludge
132064 gold found on player Mariterrus
132738 gold found on player Iamnotpudortu
132739 gold found on player Uakari
134314 gold found on player Delita
137500 gold found on player Eternal
140683 gold found on player Shon
141531 gold found on player Brent
141949 gold found on player Kaiousama
142212 gold found on player Illyan
142640 gold found on player Tiberious
143552 gold found on player Flane
143945 gold found on player Aztec
146703 gold found on player Rock
146899 gold found on player Velen
148268 gold found on player Smirnoff
150548 gold found on player Salza
151276 gold found on player Piglet
151654 gold found on player Accord
152439 gold found on player Earle
153839 gold found on player Tsu
156296 gold found on player Festus
159133 gold found on player Joan
160449 gold found on player Apriori
161050 gold found on player Scarecrow
162544 gold found on player Transit
163111 gold found on player Amelia
163734 gold found on player Khimeron
165982 gold found on player Gilas
167654 gold found on player Lou
168356 gold found on player Nyobe
169149 gold found on player Fustiar
171305 gold found on player Aelyd
173867 gold found on player Robert
174722 gold found on player Ryal
174912 gold found on player Cadbury
175173 gold found on player Cane
175363 gold found on player Sohber
176329 gold found on player Kral
178236 gold found on player Filios
179807 gold found on player Koran
180075 gold found on player Astreus
181399 gold found on player Ganoderma
181410 gold found on player Fenris
183636 gold found on player Arindar
186146 gold found on player Hitchu
190129 gold found on player Lomis
192461 gold found on player Casull
192528 gold found on player Cordie
193083 gold found on player Concetta
193210 gold found on player Ulamog
193596 gold found on player Sentinel
195560 gold found on player Crusader
195832 gold found on player Mikko
199608 gold found on player Rangertestchar
199657 gold found on player Sneaker
199790 gold found on player Katja
200000 gold found on player Matthias
200320 gold found on player Maelin
200990 gold found on player Ytom
205161 gold found on player Tomoe
206074 gold found on player Ava
206275 gold found on player Gormley
209470 gold found on player Garamar
210000 gold found on player Phantasm
211481 gold found on player Illusaen
212123 gold found on player Toc
212466 gold found on player Leaf
214628 gold found on player Cole
216194 gold found on player Jinx
216556 gold found on player Zoltar
216647 gold found on player Tarin
217315 gold found on player Khrall
218555 gold found on player Wire
221629 gold found on player Apop
222137 gold found on player Ayane
224169 gold found on player Rogelli
224691 gold found on player Medicus
224975 gold found on player Amairgen
224984 gold found on player Rani
225334 gold found on player Angmar
225777 gold found on player Dodis
226971 gold found on player Chaia
227081 gold found on player Citrix
227710 gold found on player Drahcir
228579 gold found on player Tragic
234310 gold found on player Veon
234471 gold found on player Damage
238000 gold found on player Minibreg
239164 gold found on player Yuna
240828 gold found on player Quax
241635 gold found on player Elmer
241916 gold found on player Berenger
242477 gold found on player Kroot
243660 gold found on player Thief
244167 gold found on player Aviendha
249602 gold found on player Drachus
250042 gold found on player Loo
250450 gold found on player Kiptarc
250579 gold found on player Velvet
250739 gold found on player Fezzik
251311 gold found on player Nazrah
251510 gold found on player Elkhorn
251684 gold found on player Aefin
254224 gold found on player Johnhenry
254387 gold found on player Stig
255993 gold found on player House
259193 gold found on player Graal
261422 gold found on player Myrkr
263940 gold found on player Asp
267500 gold found on player Spike
267624 gold found on player Aptos
269910 gold found on player Joo
272500 gold found on player Kadae
272652 gold found on player Jarlaxle
274871 gold found on player Hawken
275778 gold found on player Jenith
277118 gold found on player Cris
278754 gold found on player Deviant
279895 gold found on player Waku
280010 gold found on player Rylar
281034 gold found on player Tinka
284117 gold found on player Kostas
284220 gold found on player Storageman
286434 gold found on player Elmede
288755 gold found on player Rotag
289305 gold found on player Zeref
293239 gold found on player Xy
296595 gold found on player Killer
299532 gold found on player Doppleganger
301399 gold found on player Fearlan
301645 gold found on player Bla
301719 gold found on player Elkay
301760 gold found on player Roe
307547 gold found on player Jett
308677 gold found on player Spoon
316307 gold found on player Drek
318991 gold found on player Subie
319151 gold found on player Snaga
321380 gold found on player Maraschino
321573 gold found on player Circe
322754 gold found on player Aix
323316 gold found on player Hamm
325591 gold found on player Kalvin
327249 gold found on player Fingal
329194 gold found on player Shadowmax
331606 gold found on player Quicksilver
334897 gold found on player Wolvesborn
336123 gold found on player Zerah
336760 gold found on player Zandor
337650 gold found on player Pepe
338797 gold found on player Nerve
339041 gold found on player Eythne
340000 gold found on player Fyodor
340349 gold found on player Cirus
341909 gold found on player Tombi
343619 gold found on player Gharos
344866 gold found on player Akasha
345166 gold found on player Garrison
353874 gold found on player Zeon
360725 gold found on player Pandora
362257 gold found on player Camaris
363829 gold found on player Silviu
365454 gold found on player Elfis
367666 gold found on player Rulakir
367769 gold found on player Therion
368328 gold found on player Dervorin
370605 gold found on player Xatin
374269 gold found on player Csert
378245 gold found on player Halox
379152 gold found on player Penny
380000 gold found on player Genocide
380151 gold found on player Gnomegirl
383485 gold found on player Gleecici
389510 gold found on player Daniel
390001 gold found on player Excessum
391885 gold found on player Vhog
392148 gold found on player Ryuikari
395170 gold found on player Chasm
402214 gold found on player Amoshil
403613 gold found on player Attaxil
407531 gold found on player Wrathion
411587 gold found on player Natasha
413428 gold found on player Caleb
414953 gold found on player Plix
426262 gold found on player Crepeman
435271 gold found on player Aldur
436518 gold found on player Skitz
438786 gold found on player Crucifer
438842 gold found on player Mintaka
444081 gold found on player Yabrock
444756 gold found on player Agachack
451681 gold found on player Senarln
460960 gold found on player Inkyma
461650 gold found on player Dain
463934 gold found on player Wodan
469866 gold found on player Fartman
470427 gold found on player Jerjerous
471108 gold found on player Faust
471979 gold found on player Jake
473369 gold found on player Shaith
473793 gold found on player Maximus
475010 gold found on player Aargh
476017 gold found on player Ishnaf
477630 gold found on player Trist
478884 gold found on player Ilaera
480392 gold found on player Firestorm
482548 gold found on player Alustair
487206 gold found on player Xyla
487471 gold found on player Fife
488831 gold found on player Alastain
492502 gold found on player Basyang
498468 gold found on player Itachi
499883 gold found on player Gromgog
499919 gold found on player Nagash
501518 gold found on player Xellia
501581 gold found on player Azog
503094 gold found on player Frogalog
509332 gold found on player Hefner
509339 gold found on player Mando
509617 gold found on player Imortalkuno
509795 gold found on player Lythsian
515488 gold found on player Kahless
515937 gold found on player Regis
516309 gold found on player Torment
519208 gold found on player Akira
520796 gold found on player Ogedei
523047 gold found on player Ebony
526379 gold found on player Killua
527169 gold found on player Freddy
528226 gold found on player Arguile
530240 gold found on player Holycow
531654 gold found on player Beezel
534873 gold found on player Agrador
535655 gold found on player Navi
537819 gold found on player Madmartigan
540000 gold found on player Pindar
541897 gold found on player Krog
543683 gold found on player Rhezvaren
543847 gold found on player Ogaru
544865 gold found on player Mozarius
548315 gold found on player Margot
549176 gold found on player Vafal
554461 gold found on player Nox
558550 gold found on player Rurik
558709 gold found on player Paland
559310 gold found on player Grim
561340 gold found on player Rhavin
562022 gold found on player Tute
562601 gold found on player Nantuko
566317 gold found on player Huo
576671 gold found on player Taborian
577074 gold found on player Pixen
578023 gold found on player Tyyr
582329 gold found on player Caric
598737 gold found on player Cursed
599329 gold found on player Rogziel
610083 gold found on player Masoku
614185 gold found on player Cyllimanthus
615015 gold found on player Tvastar
617490 gold found on player Ditka
632212 gold found on player Hypnos
632812 gold found on player Melisande
638367 gold found on player Stilth
644740 gold found on player Havel
647365 gold found on player Grimsolace
649814 gold found on player Dialup
653988 gold found on player Tonkin
654437 gold found on player Togo
655605 gold found on player Ned
660726 gold found on player Bonegrinder
661080 gold found on player Rhuarc
667261 gold found on player Vayne
667808 gold found on player Fate
668003 gold found on player Chan
669622 gold found on player Nutmeg
669964 gold found on player Malice
673591 gold found on player Szo
681540 gold found on player Geleb
682222 gold found on player Uhg
684309 gold found on player Salazar
684637 gold found on player Crispin
685224 gold found on player Ganelon
691029 gold found on player Gintoki
693250 gold found on player Pierre
696851 gold found on player Gerakis
697107 gold found on player Nefarian
699307 gold found on player Amarok
708000 gold found on player Pariah
709204 gold found on player Only
712987 gold found on player Azazel
720632 gold found on player Fu
727000 gold found on player Tryst
733483 gold found on player Atomica
733941 gold found on player Vesageo
738045 gold found on player Jaer
742343 gold found on player Tool
743753 gold found on player Garcon
745845 gold found on player Crowley
753713 gold found on player Kamatayan
755531 gold found on player Plato
757608 gold found on player Buddha
758428 gold found on player Iced
759528 gold found on player Meursault
762351 gold found on player Dasani
769273 gold found on player Gjiexno
777322 gold found on player Igiron
782354 gold found on player Krunk
784778 gold found on player Psirous
788933 gold found on player Kalcindros
789208 gold found on player Blanc
790584 gold found on player Minkster
792194 gold found on player Robin
795435 gold found on player Templeton
795855 gold found on player Macbeth
800000 gold found on player Balisong
802067 gold found on player Bane
803387 gold found on player Haruka
804225 gold found on player Casava
806577 gold found on player Silke
808584 gold found on player Rium
808712 gold found on player Widget
808846 gold found on player Adrenaline
810517 gold found on player Natael
820824 gold found on player Mertis
827473 gold found on player Gaius
840157 gold found on player Crypto
844259 gold found on player Abubakar
847253 gold found on player Turpin
849799 gold found on player Arx
852482 gold found on player Punisher
855976 gold found on player Altair
856780 gold found on player Feya
856962 gold found on player Pillsbury
857755 gold found on player Gabriel
859322 gold found on player Alana
863604 gold found on player Majier
866507 gold found on player Aoife
866788 gold found on player Kamikaze
868591 gold found on player Carabaun
875963 gold found on player Puurz
879866 gold found on player Eizen
882268 gold found on player Qhwazu
882523 gold found on player Ishamael
885145 gold found on player Sinew
889514 gold found on player Shiloh
896824 gold found on player Dorje
904917 gold found on player Jordan
905828 gold found on player Valen
906118 gold found on player Dahl
920457 gold found on player Rodek
921638 gold found on player Cougarlem
925669 gold found on player Feryn
931688 gold found on player Shinn
935022 gold found on player Hougan
938032 gold found on player Frut
939630 gold found on player Rhioku
940834 gold found on player Drogg
949424 gold found on player Lempo
951798 gold found on player Maighread
954906 gold found on player Abigor
962379 gold found on player Zandoo
962384 gold found on player Guardian
962524 gold found on player Iraka
966306 gold found on player Ant
971145 gold found on player Madsen
976195 gold found on player Banjo
986880 gold found on player Gant
988021 gold found on player Omis
988979 gold found on player Testie
989989 gold found on player Blix
990689 gold found on player Raban
993975 gold found on player Violent
994125 gold found on player Aykier
998547 gold found on player Ebeian
999967 gold found on player Kuurus
1000000 gold found on player Celeste
1000000 gold found on player Locklin
1000604 gold found on player Kreegan
1001749 gold found on player Leeroy
1006578 gold found on player Storage
1014106 gold found on player Rum
1019244 gold found on player Pelitor
1019740 gold found on player Multani
1020980 gold found on player Kaleb
1026311 gold found on player Beard
1027283 gold found on player Zarathustra
1027927 gold found on player Demise
1028974 gold found on player Devrex
1030564 gold found on player Demodocus
1031320 gold found on player Aximili
1037073 gold found on player Shades
1045938 gold found on player Golan
1051710 gold found on player Malyki
1060743 gold found on player Dax
1073920 gold found on player Loko
1078874 gold found on player Icie
1088218 gold found on player Beastman
1092102 gold found on player Makulua
1096627 gold found on player Cannibal
1111529 gold found on player Syndax
1113056 gold found on player Delarion
1116856 gold found on player Raiko
1124474 gold found on player Artramities
1132875 gold found on player Kitar
1136912 gold found on player Squall
1138543 gold found on player Warrax
1143609 gold found on player Liger
1145349 gold found on player Pinch
1148040 gold found on player Jelek
1149721 gold found on player Catalyst
1154261 gold found on player Nron
1155494 gold found on player Tantalus
1162034 gold found on player Bravo
1187742 gold found on player Alodia
1205068 gold found on player Enpyro
1205669 gold found on player Corann
1207051 gold found on player Laer
1211889 gold found on player Hermes
1220669 gold found on player Nyshul
1225846 gold found on player Kenshin
1227464 gold found on player Terra
1227586 gold found on player Glymere
1236442 gold found on player Sonax
1245270 gold found on player Revolt
1247450 gold found on player Ferox
1257938 gold found on player Manzazuu
1269582 gold found on player Rames
1276281 gold found on player Inuyasha
1288370 gold found on player Walker
1290632 gold found on player Risk
1300000 gold found on player Bombaclaat
1310467 gold found on player Letum
1323849 gold found on player Swank
1324125 gold found on player Kargoth
1324341 gold found on player Glensather
1324859 gold found on player Cyric
1336309 gold found on player Zetta
1341439 gold found on player Avignon
1347603 gold found on player Azmodian
1354574 gold found on player Zhao
1356174 gold found on player Zane
1366144 gold found on player Luya
1370234 gold found on player Xandor
1373470 gold found on player Gurkha
1384712 gold found on player Saul
1390585 gold found on player Kitiara
1398253 gold found on player Viscera
1399918 gold found on player Lyskarion
1413657 gold found on player Cidem
1415203 gold found on player Medic
1415590 gold found on player Irukiel
1423155 gold found on player Dumpling
1431483 gold found on player Twilight
1434352 gold found on player Sparky
1440621 gold found on player Sphinx
1444563 gold found on player Stromdeals
1447237 gold found on player Feral
1451659 gold found on player Anodyne
1455853 gold found on player Rosenthal
1465522 gold found on player Shadowblaze
1468724 gold found on player Yrahcaz
1470782 gold found on player Praetorian
1473173 gold found on player Azalin
1474144 gold found on player Atari
1482619 gold found on player Bilford
1498979 gold found on player Yukari
1500000 gold found on player Senschal
1513126 gold found on player Imdugud
1524311 gold found on player Lippie
1535750 gold found on player Ezra
1544678 gold found on player Ozzy
1549752 gold found on player Lahnatheil
1552903 gold found on player Forsaken
1565816 gold found on player Dara
1607365 gold found on player Myrddin
1610013 gold found on player Alompar
1610127 gold found on player Safil
1611851 gold found on player Silban
1617936 gold found on player Jeril
1622030 gold found on player Severn
1627092 gold found on player Nohj
1627718 gold found on player Dreanana
1629049 gold found on player Thetis
1632342 gold found on player Bovdar
1638191 gold found on player Lestat
1642364 gold found on player Chiana
1644693 gold found on player Vortex
1650205 gold found on player Kioko
1652148 gold found on player Graccus
1653219 gold found on player Mishkail
1657302 gold found on player Ramladu
1660186 gold found on player Cahir
1665738 gold found on player Ruin
1668653 gold found on player Ylstra
1679190 gold found on player Cyril
1681423 gold found on player Attrius
1684861 gold found on player Bartleby
1689012 gold found on player Razlyn
1690227 gold found on player Durin
1725700 gold found on player Janson
1736982 gold found on player Torian
1770270 gold found on player Pearl
1780249 gold found on player Maraxus
1785640 gold found on player Bluto
1795574 gold found on player Hackelburry
1799167 gold found on player Porthos
1807614 gold found on player Myth
1811965 gold found on player Arkham
1812048 gold found on player Spyder
1814996 gold found on player Strider
1826727 gold found on player Hollis
1836659 gold found on player Chimay
1854619 gold found on player Jasper
1871298 gold found on player Rewk
1880325 gold found on player Grock
1882721 gold found on player Cameron
1887265 gold found on player Incendio
1905171 gold found on player Paragon
1933821 gold found on player Tenga
1942433 gold found on player Mishaelon
1943074 gold found on player Cgreth
1952427 gold found on player Tormen
1958785 gold found on player Sky
1964870 gold found on player Nyght
1980143 gold found on player Leffe
1982027 gold found on player Azerlyn
1987817 gold found on player Inukchuk
1995922 gold found on player Lucid
1996056 gold found on player Ashalen
2010928 gold found on player Cyr
2033519 gold found on player Ginga
2057941 gold found on player Orpheus
2064361 gold found on player Digwill
2066974 gold found on player Araqathus
2071072 gold found on player Sancho
2080728 gold found on player Talia
2084193 gold found on player Yeshua
2094441 gold found on player Soth
2095177 gold found on player Namagit
2107555 gold found on player Jazz
2118793 gold found on player Goku
2133981 gold found on player Waterfall
2136165 gold found on player Otacon
2142433 gold found on player Jeudi
2150140 gold found on player Dameon
2176069 gold found on player Vincent
2179996 gold found on player Abyss
2185516 gold found on player Aragorn
2187660 gold found on player Velzna
2188049 gold found on player Sorrow
2193079 gold found on player Cox
2204429 gold found on player Elros
2205719 gold found on player Joro
2207093 gold found on player Augustus
2209421 gold found on player Sanji
2216722 gold found on player Caul
2228955 gold found on player Immin
2242980 gold found on player Aldacar
2270517 gold found on player Drak
2286955 gold found on player Nysis
2294157 gold found on player Ishmael
2295873 gold found on player Mercedes
2312519 gold found on player Kiij
2324423 gold found on player Cleophus
2332476 gold found on player Kei
2349417 gold found on player Cojiro
2362908 gold found on player Andyrt
2369886 gold found on player Stall
2372890 gold found on player Mack
2389866 gold found on player Mog
2406440 gold found on player Navros
2430420 gold found on player Stanislav
2433888 gold found on player Casual
2448926 gold found on player Bayonne
2473757 gold found on player Golaticus
2477140 gold found on player Nookie
2477721 gold found on player Karsan
2477893 gold found on player Able
2483920 gold found on player Paradox
2488604 gold found on player Nostos
2512363 gold found on player Reid
2516990 gold found on player Xanthiana
2517116 gold found on player Igata
2524886 gold found on player Rachael
2539267 gold found on player Telchar
2541938 gold found on player Skrapy
2585001 gold found on player Aion
2596821 gold found on player Dar
2600120 gold found on player Bupp
2605475 gold found on player Pony
2609883 gold found on player Zeddicus
2614390 gold found on player Contempt
2630253 gold found on player Rokk
2642168 gold found on player Kirious
2642932 gold found on player Magnus
2654247 gold found on player Caryc
2664351 gold found on player Gharom
2676759 gold found on player Nedu
2692782 gold found on player Bregnar
2712959 gold found on player Jako
2722427 gold found on player Sooty
2724148 gold found on player Alarick
2742565 gold found on player Eldak
2760647 gold found on player Nosferatu
2786962 gold found on player Balian
2797931 gold found on player Dubbel
2806802 gold found on player Kryll
2809830 gold found on player Mjorn
2811199 gold found on player Pendleton
2812123 gold found on player Amethyst
2820241 gold found on player Mick
2828363 gold found on player Mr
2832396 gold found on player Araushnee
2854878 gold found on player Rizzon
2859850 gold found on player Monk
2860650 gold found on player Nrizjes
2864394 gold found on player Othor
2875563 gold found on player Aidan
2879237 gold found on player Willowwind
2886832 gold found on player Brutal
2887853 gold found on player Darian
2891655 gold found on player Lilly
2911882 gold found on player Boggo
2913105 gold found on player Defiant
2934405 gold found on player Sewerboy
2962943 gold found on player Ashram
2965586 gold found on player Tigraine
2966633 gold found on player Aachen
2990804 gold found on player Min
2991116 gold found on player Lolth
2992617 gold found on player Lebowski
2996319 gold found on player Amaresu
2999898 gold found on player Keso
3007774 gold found on player Morik
3016939 gold found on player Dvorak
3035873 gold found on player Pacifism
3070785 gold found on player Elcid
3083899 gold found on player Mage
3087255 gold found on player Saedros
3092213 gold found on player Highlander
3118541 gold found on player Xyianth
3121649 gold found on player Blar
3184521 gold found on player Ifalna
3197856 gold found on player Ray
3199187 gold found on player Grudge
3221187 gold found on player Xahara
3225348 gold found on player Orsis
3249413 gold found on player Pylon
3295222 gold found on player Irwin
3309819 gold found on player Tuco
3315976 gold found on player Legolas
3335486 gold found on player Arcanus
3335937 gold found on player Afflux
3340753 gold found on player Zardoz
3343535 gold found on player Raxum
3350246 gold found on player Electra
3385012 gold found on player Mosaic
3389063 gold found on player Arazi
3403474 gold found on player Crusty
3407771 gold found on player Calanthe
3423860 gold found on player Rottadam
3443156 gold found on player Brennos
3483083 gold found on player Qhog
3483612 gold found on player Herzy
3510144 gold found on player Konner
3523659 gold found on player Reaper
3535990 gold found on player Castiel
3537687 gold found on player Crysto
3542507 gold found on player Risen
3552642 gold found on player Dephibulator
3581956 gold found on player Silar
3629043 gold found on player Brink
3689661 gold found on player Precis
3695936 gold found on player Uncle
3696738 gold found on player Nameless
3727048 gold found on player Rion
3730971 gold found on player Vical
3757266 gold found on player Karnage
3760595 gold found on player Cid
3779853 gold found on player Selmak
3785906 gold found on player Vaesus
3790254 gold found on player Raymond
3803155 gold found on player Renegade
3812202 gold found on player Aina
3823594 gold found on player Ilithio
3838372 gold found on player Lanfear
3848348 gold found on player Ceryni
3848667 gold found on player Koning
3855909 gold found on player Glork
3863321 gold found on player Monarchy
3873751 gold found on player Moloch
3930034 gold found on player Delac
3939243 gold found on player Kalessin
3951804 gold found on player Nobufusa
3970064 gold found on player Efil
3973443 gold found on player Deagol
3980763 gold found on player Kyoem
4038209 gold found on player Shiva
4041552 gold found on player Bigjim
4063234 gold found on player Wodahs
4071382 gold found on player Alvaro
4076210 gold found on player Linx
4112409 gold found on player Eve
4116087 gold found on player Ingus
4117803 gold found on player Polokoio
4122737 gold found on player Nikolai
4160555 gold found on player Corak
4166279 gold found on player Bisaya
4179132 gold found on player Testee
4192566 gold found on player Token
4197906 gold found on player Ocka
4211399 gold found on player Eyeless
4219302 gold found on player Tengu
4238005 gold found on player Ikarus
4289039 gold found on player Leviathan
4392541 gold found on player Ron
4396396 gold found on player Twiggs
4408479 gold found on player Itami
4410999 gold found on player Karib
4413003 gold found on player Fatale
4420048 gold found on player Aillen
4428382 gold found on player Sarabella
4454553 gold found on player Tearn
4472016 gold found on player Geronimo
4474211 gold found on player Krypto
4480732 gold found on player Ultimate
4490913 gold found on player Hades
4532165 gold found on player Gharm
4532558 gold found on player Hiddukel
4550659 gold found on player Murazor
4560623 gold found on player Euri
4568927 gold found on player Kaedon
4598028 gold found on player Lilith
4698381 gold found on player Lolita
4707015 gold found on player Nix
4724169 gold found on player Aggamemnon
4759121 gold found on player Keo
4775439 gold found on player Chen
4777235 gold found on player Shemp
4786032 gold found on player Kurias
4833624 gold found on player Billy
4834430 gold found on player Jaylor
4834845 gold found on player Tiburcio
4850289 gold found on player Prontis
4855112 gold found on player Vermin
4860212 gold found on player Jimmy
4885276 gold found on player Icculus
4894026 gold found on player Shimp
4908649 gold found on player Corinna
4913661 gold found on player Alf
4918048 gold found on player Nogreug
4926235 gold found on player Your
4927503 gold found on player Testchaii
4937973 gold found on player Bantam
4946713 gold found on player Duriel
4990263 gold found on player Noir
4993951 gold found on player Ouji
4995452 gold found on player Miraj
4997209 gold found on player Sepherous
5006181 gold found on player Jeeves
5045009 gold found on player Gloom
5046973 gold found on player Eliza
5052739 gold found on player Orden
5069103 gold found on player Annexih
5081141 gold found on player Alister
5083890 gold found on player Slanter
5120731 gold found on player Leonidas
5128146 gold found on player Thelios
5143925 gold found on player Talon
5155488 gold found on player Radagast
5209140 gold found on player Cosmo
5281660 gold found on player Rohk
5291184 gold found on player Chronos
5297970 gold found on player Akin
5350451 gold found on player Xiaya
5353346 gold found on player Elena
5375634 gold found on player Gamork
5421504 gold found on player Astyanax
5425593 gold found on player Khaleb
5434186 gold found on player Echo
5454135 gold found on player Kleg
5466681 gold found on player Bint
5481159 gold found on player Hathor
5495605 gold found on player Ciryon
5510559 gold found on player Syrinx
5565296 gold found on player Bengal
5599349 gold found on player Thantos
5605539 gold found on player Ferrix
5613382 gold found on player Ramon
5648539 gold found on player Greggles
5661234 gold found on player Percival
5667353 gold found on player Twinge
5677311 gold found on player Shimon
5679731 gold found on player Bruizer
5688672 gold found on player Ghandi
5704077 gold found on player Arys
5727125 gold found on player Tetsuni
5727179 gold found on player Dewars
5731357 gold found on player Epic
5771247 gold found on player Sywyn
5774993 gold found on player Rancor
5798359 gold found on player Liara
5818396 gold found on player Jamar
5831745 gold found on player Nfora
5831792 gold found on player Elitis
5836711 gold found on player Atinap
5841743 gold found on player Kurhittiandulli
5848221 gold found on player Benedict
5874172 gold found on player Daedelus
5875826 gold found on player Conner
5877555 gold found on player Karsis
5880194 gold found on player Aidyn
5951096 gold found on player Nyxnox
5959131 gold found on player Valkyrja
5965519 gold found on player Gothe
5967005 gold found on player Maroigo
5986419 gold found on player Melchiah
5999935 gold found on player Armus
6004963 gold found on player Magic
6045238 gold found on player Goshen
6051001 gold found on player Duke
6063237 gold found on player Mi
6075271 gold found on player Darkness
6077499 gold found on player Alyssandra
6121486 gold found on player Danica
6130905 gold found on player Atlas
6156434 gold found on player Azeroth
6194164 gold found on player Deception
6239961 gold found on player Zedd
6247834 gold found on player Relentless
6289418 gold found on player Zalara
6305836 gold found on player Hung
6315206 gold found on player Rakuen
6369229 gold found on player Saint
6380979 gold found on player Kreugen
6403223 gold found on player Reena
6482341 gold found on player Daemon
6500281 gold found on player Minecart
6575693 gold found on player Burikat
6621285 gold found on player Accipites
6664993 gold found on player Rael
6684642 gold found on player Lily
6686370 gold found on player Agnoscite
6740814 gold found on player Prettz
6745084 gold found on player Ebin
6759510 gold found on player Archeon
6768675 gold found on player Devious
6773729 gold found on player Azroth
6780354 gold found on player Carin
6896852 gold found on player Kristanna
6913676 gold found on player Kush
6943780 gold found on player Globe
6952865 gold found on player Amaya
6960067 gold found on player Deahtop
7001692 gold found on player Mez
7017110 gold found on player Arin
7033543 gold found on player Drow
7047377 gold found on player Kalibarr
7051982 gold found on player Lundessa
7160176 gold found on player Dolophonos
7163959 gold found on player Erinyes
7174271 gold found on player Mat
7200270 gold found on player Newbee
7321448 gold found on player Kefka
7333241 gold found on player Murata
7358734 gold found on player Xanril
7384103 gold found on player Intensive
7392599 gold found on player Soll
7398879 gold found on player Carridin
7407317 gold found on player Kaleidra
7423698 gold found on player Lucian
7489593 gold found on player Nfora
7514121 gold found on player Negima
7526973 gold found on player Kermit
7616962 gold found on player Ishtar
7628441 gold found on player Valthonis
7649876 gold found on player Dur
7661991 gold found on player Estios
7689568 gold found on player Bunyip
7701405 gold found on player Craer
7744440 gold found on player Cray
7788333 gold found on player Infiniti
7845468 gold found on player Aelfric
7878824 gold found on player Krank
7890495 gold found on player Raije
7962960 gold found on player Isildur
8011010 gold found on player Gus
8023708 gold found on player Laak
8090571 gold found on player Xesil
8100905 gold found on player Iniuria
8135115 gold found on player Cronk
8143787 gold found on player Mathayus
8166012 gold found on player Apophis
8240762 gold found on player Yano
8252053 gold found on player Zeesnes
8283150 gold found on player Drasek
8332745 gold found on player Skarsnik
8337075 gold found on player Melkor
8359346 gold found on player Kriemhild
8439624 gold found on player Rift
8474284 gold found on player Sushi
8546179 gold found on player Vim
8573103 gold found on player Nidec
8605756 gold found on player Acadia
8642968 gold found on player Malevolent
8659234 gold found on player Mobius
8685599 gold found on player Thrawn
8698549 gold found on player Tofu
8742390 gold found on player Finch
8807345 gold found on player Agnos
8818004 gold found on player Kroal
8925110 gold found on player Augustine
8991098 gold found on player Demandred
9033655 gold found on player Thras
9069682 gold found on player Grog
9071915 gold found on player Visual
9086142 gold found on player Kearyn
9152236 gold found on player Lassic
9177748 gold found on player Arakasi
9244604 gold found on player Lapis
9278379 gold found on player Slayer
9305745 gold found on player Theodore
9338608 gold found on player Fulgore
9483597 gold found on player Camilla
9489839 gold found on player Cynnegryph
9524397 gold found on player Noldor
9595733 gold found on player Jaden
9635022 gold found on player Kaijin
9644874 gold found on player Kai
9760397 gold found on player Neko
9911345 gold found on player Forge
9913912 gold found on player Xymeth
9953740 gold found on player Poe
9968380 gold found on player Felix
9979611 gold found on player Alexia
9982619 gold found on player Abraxus
9991575 gold found on player Hack
9993606 gold found on player Bam
10003674 gold found on player Bangkay
10112351 gold found on player Ted
10124745 gold found on player Emrick
10128368 gold found on player Raphael
10174009 gold found on player Airen
10188022 gold found on player Solstice
10212180 gold found on player Volvic
10221779 gold found on player Gort
10226607 gold found on player Chinny
10305790 gold found on player Diablus
10354705 gold found on player Tikki
10374953 gold found on player Hui
10455506 gold found on player Lokki
10735964 gold found on player Ashkelon
10817692 gold found on player Antioch
10879305 gold found on player Drekk
10940354 gold found on player Sirius
11029318 gold found on player Quint
11044892 gold found on player Asterion
11097091 gold found on player Coriander
11114807 gold found on player Wolves
11184145 gold found on player Silvontrea
11233687 gold found on player Quell
11279913 gold found on player Delrai
11330437 gold found on player Luxina
11405983 gold found on player Bhog
11519429 gold found on player Jaks
11611226 gold found on player Dismas
11649904 gold found on player Temx
11652391 gold found on player Mandirigma
11809363 gold found on player Vanquish
11834884 gold found on player Hu
11874976 gold found on player Hum
11880133 gold found on player Haste
12026349 gold found on player Atreiden
12040383 gold found on player Beatrix
12053546 gold found on player Overload
12068476 gold found on player Lalai
12070346 gold found on player Scooby
12097906 gold found on player Sanson
12127248 gold found on player Knox
12139214 gold found on player Dusk
12142621 gold found on player Ojo
12210276 gold found on player Kawatan
12230155 gold found on player Oblena
12262152 gold found on player Iceman
12315497 gold found on player Carple
12315956 gold found on player Elrond
12318632 gold found on player Lich
12353000 gold found on player Tenx
12373157 gold found on player Gnosh
12504958 gold found on player Dulac
12557026 gold found on player Ungas
12601341 gold found on player Megnual
12674096 gold found on player Mulegen
12674201 gold found on player Tagnikzur
12699496 gold found on player Rook
12741772 gold found on player Schala
12774048 gold found on player Altra
12801780 gold found on player Jubei
12877423 gold found on player Krudge
12888286 gold found on player Rathanathus
13073496 gold found on player Morph
13113934 gold found on player Kiat
13203578 gold found on player Necropants
13320237 gold found on player Turtle
13385618 gold found on player Elda
13505901 gold found on player Akari
13560280 gold found on player Bastion
13759065 gold found on player Victoria
13799453 gold found on player Yezzir
13944305 gold found on player Fist
13967785 gold found on player Mhaonaigh
14320372 gold found on player Miguel
14407986 gold found on player Zycuh
14540012 gold found on player Demascus
14677982 gold found on player Humphrey
14686949 gold found on player Graeinler
14761570 gold found on player Naosis
14764963 gold found on player Banx
14833522 gold found on player Arathorn
14835976 gold found on player Sly
14903755 gold found on player Barrabas
14909663 gold found on player Mason
14920174 gold found on player Daenin
14984261 gold found on player Mikhal
15102827 gold found on player Odin
15327359 gold found on player Nebuchadnezzar
15338586 gold found on player Tsien
15491199 gold found on player Yashiro
15541989 gold found on player Abaddon
15568299 gold found on player Samedi
15732057 gold found on player Dhanize
15787694 gold found on player Laughter
15983480 gold found on player Kraal
16131964 gold found on player Ruffnut
16169684 gold found on player Panda
16189396 gold found on player Drizitt
16201783 gold found on player Arcas
16386957 gold found on player Cambruin
16512097 gold found on player Meltdown
16751916 gold found on player Thog
16782806 gold found on player Marlash
16910822 gold found on player Eas
17020830 gold found on player Kylee
17051600 gold found on player Gilgamesh
17369474 gold found on player Monkey
17627711 gold found on player Charr
17775392 gold found on player Captain
17855127 gold found on player Belkira
18338537 gold found on player Kubalai
18527537 gold found on player Mojo
18533149 gold found on player Tinker
18813790 gold found on player Clericface
18928884 gold found on player Nallim
19008591 gold found on player Unjour
19040176 gold found on player Satori
19062933 gold found on player Trendish
19124660 gold found on player Oriondma
19179161 gold found on player Crackle
19181165 gold found on player Khan
19282017 gold found on player Tetherblood
19326846 gold found on player Lothario
19695714 gold found on player Mrahdon
19872153 gold found on player Abdiel
19997329 gold found on player Probatio
20070673 gold found on player Zariche
20347929 gold found on player Garth
20357550 gold found on player Ganzo
20447946 gold found on player Artanius
20549800 gold found on player Bael
20640624 gold found on player Sevan
20656809 gold found on player Sasha
20694371 gold found on player Uncas
20743534 gold found on player Rupert
20802082 gold found on player Blitz
20864723 gold found on player Sandtiger
20884181 gold found on player Snow
21000936 gold found on player Cymry
21037377 gold found on player Psy
21050120 gold found on player Grit
21189604 gold found on player Quinn
21335739 gold found on player Belamros
21349972 gold found on player Knives
21419387 gold found on player Ramsey
21519224 gold found on player Berdugo
21677999 gold found on player Aldoran
21830096 gold found on player Reynard
21917741 gold found on player Cauchy
22480066 gold found on player Carbon
22481076 gold found on player Tweeter
22732934 gold found on player Dendrophylax
23179887 gold found on player Beroo
23226364 gold found on player Hyperion
23254672 gold found on player Menace
23425394 gold found on player Mideon
23642065 gold found on player Chomanno
23777947 gold found on player Lagim
24063865 gold found on player Schism
24747060 gold found on player Baine
24864962 gold found on player Gama
25019530 gold found on player Sawako
25042222 gold found on player Taneeo
25454839 gold found on player Lokie
25472595 gold found on player Nuitari
25579035 gold found on player Dieter
26292075 gold found on player Tridor
27254830 gold found on player Carnifex
27430986 gold found on player Kiah
27489889 gold found on player Levantine
27738865 gold found on player Zaor
27855045 gold found on player Poet
28040877 gold found on player Negelum
28509162 gold found on player Taker
28647868 gold found on player Tiny
29043914 gold found on player Kagilok
29674381 gold found on player Gareth
29834745 gold found on player Zzas
29835152 gold found on player Mordenkainen
29992902 gold found on player Malgrim
30182688 gold found on player Silvus
30550914 gold found on player Keran
31112217 gold found on player Corpsi
31260064 gold found on player Wes
31426154 gold found on player Jamal
31500006 gold found on player Swift
32058787 gold found on player Bonita
32090318 gold found on player Lothryn
32795444 gold found on player Paylord
33368912 gold found on player Herseth
33857172 gold found on player Daredevil
33890458 gold found on player Vertumnus
34181360 gold found on player Sentinal
34342655 gold found on player Boraj
34409316 gold found on player Malakat
34750970 gold found on player Voss
35469304 gold found on player Greygem
35523650 gold found on player Livia
35631148 gold found on player Bangis
35631564 gold found on player Paul
35709298 gold found on player Gannon
36562582 gold found on player Sratk
37094251 gold found on player Anino
37313468 gold found on player Bone
37603801 gold found on player Litse
37692648 gold found on player Elone
38398274 gold found on player Bloke
38521350 gold found on player Quince
38988730 gold found on player Karias
40163980 gold found on player Aurora
40209151 gold found on player Ack
40399443 gold found on player Arthas
40745945 gold found on player Evark
41871848 gold found on player Artemisia
42180084 gold found on player Drifter
42799782 gold found on player Bugsay
43042910 gold found on player Warlan
43309303 gold found on player Santa
43459628 gold found on player Saber
43513494 gold found on player Aabor
44390574 gold found on player Fain
44473002 gold found on player Rolf
44976559 gold found on player Shadowskill
45025942 gold found on player Morgian
45599826 gold found on player Mazrakoth
46253459 gold found on player Gluteus
46329681 gold found on player Gash
46786891 gold found on player Aggron
46803184 gold found on player Natajn
46915636 gold found on player Gobias
46937536 gold found on player Tainu
47804373 gold found on player Sham
48156235 gold found on player Quaz
48899910 gold found on player Rigwarl
49783621 gold found on player Clear
49999186 gold found on player Fury
50206996 gold found on player Arson
50352146 gold found on player Serae
51075912 gold found on player Shilen
51522188 gold found on player Huggins
51661180 gold found on player Smyth
51693520 gold found on player Yomar
52692396 gold found on player Zixia
53866709 gold found on player Hate
54052536 gold found on player Acolyte
54489265 gold found on player Vash
55709553 gold found on player Rectifier
56071413 gold found on player Maleficent
56389178 gold found on player Elvonia
56735379 gold found on player Nixler
56944755 gold found on player Frith
57015973 gold found on player Boo
57190470 gold found on player Patience
58006317 gold found on player Zakhara
58535838 gold found on player Grunt
60370755 gold found on player Spanky
60392984 gold found on player Fable
60523361 gold found on player Lustitia
60605828 gold found on player Juan
61043423 gold found on player Slayn
61958273 gold found on player Benny
62325879 gold found on player Aubec
62903528 gold found on player Zolac
63474326 gold found on player Banach
64510876 gold found on player Rocco
64675439 gold found on player Pudortu
64846747 gold found on player Bruthe
65067264 gold found on player Zechariah
65163238 gold found on player Stahb
71893978 gold found on player Elvis
72586075 gold found on player Corran
73617931 gold found on player Seven
74003217 gold found on player Revyn
74808582 gold found on player Conrad
76931026 gold found on player Jaelle
79022228 gold found on player Nicodaemus
79897071 gold found on player Jester
80213731 gold found on player Redrum
80871296 gold found on player Bogan
81023562 gold found on player Segbin
81298040 gold found on player Sliver
83794529 gold found on player Arcana
84146565 gold found on player Gangrel
84220735 gold found on player Zinc
85670675 gold found on player Karrion
87308656 gold found on player Pike
88857159 gold found on player Casey
90021479 gold found on player Inamorata
90981359 gold found on player Abigail
99390631 gold found on player Silvar
100020358 gold found on player Galt
101752330 gold found on player Namillis
101805038 gold found on player Vasa
102350444 gold found on player Katalina
103167755 gold found on player Rascal
103570410 gold found on player Theed
105288405 gold found on player Bezel
107242235 gold found on player Flagg
110099189 gold found on player Aletto
110201034 gold found on player Jeebus
110669184 gold found on player Pellinor
116424794 gold found on player Radial
119997295 gold found on player Poe
122657548 gold found on player Blizzard
130287692 gold found on player Fenrir
130654880 gold found on player Azoena
132931021 gold found on player Bama
136139328 gold found on player Zerik
137436272 gold found on player Nitelite
139782101 gold found on player Erlik
141324724 gold found on player Crave
144489412 gold found on player Dillinger
145394063 gold found on player Speck
145485303 gold found on player Katrina
146488776 gold found on player Azmodan
149514782 gold found on player Hudas
150619804 gold found on player Khog
151050000 gold found on player Faint
161287990 gold found on player Ish
161937086 gold found on player Alex
164895128 gold found on player Apollo
166900530 gold found on player Surtur
169381376 gold found on player Dayne
172558008 gold found on player Enki
175171286 gold found on player Barry
187881348 gold found on player Tydeus
196752222 gold found on player Nergal
208087918 gold found on player Manti
220432635 gold found on player Flea
234229866 gold found on player Dragneel
241820288 gold found on player Xiuhtecuhtli
247904476 gold found on player Maestro
258303425 gold found on player Maitreya
262127998 gold found on player Ratza
284079541 gold found on player Flexo
298272929 gold found on player Xyian
452447840 gold found on player Rashane
465525685 gold found on player Balagtas
494960816 gold found on player Arbaces
573353363 gold found on player Thresh
934897842 gold found on player Logo
1031543607 gold found on player Nicor
1034181654 gold found on player Atrophy
1356953772 gold found on player Vlad
